score,comment
10.0,가족여행으로 처음 방문했는데 너무너무 만족했어요 첫방문때 1박만 예약했는데 넘좋아서 당일 연박신청했구요 그뒤로도 남편과 몇번 더 갔어요 달빛아래서 호수뷰에 자연의소리들으며 온수풀이용이 좋고 직원분들도 친절하시구요 룸컨디션 매우좋고 조식 석식 뷔페도 만족이고 주변경관이 참 평화로워요 힐링하고싶을때 지속적으로 이용할 예정입니다 다만 작은 편의점이 있긴한데 좀더 품목확장되었음 해요 여러 호텔 다녀봤지만 아주 만족감이 컸던 곳입니다 
10.0,"륨크기 청소상태 수영장 식당 카페
선물가게 등등 숙소의 모든것 모든곳이
다 너무 좋았습니다
침대와 침구가 너무 좋아서 가족 모두 정말 
쾌적하게 숙면 취했구요 
욕실도 넓어서 이용하기 너무 편리 했써요
예쁜 호수를 보면서 조식과 석식 먹는 것도 
따뜻한 물에서 하루 종일 수영한것도
너무나도 만족한 에코랜드 호텔 입니다
선물가게에서 요고조고 구매했는데
호텔이라 해서 결코 비써지 않고
서비스까지 챙겨 주셔서 너무 감사했써요 👍🏻
제주에 가면 다음에도 또 이용 할것 같아요😊"
10.0,"2022년에 오픈했다 하고 사진으로 본 호텔 전경에 꼭 가보고 싶었습니다 몇년전 에코랜드에 갔을때 공사중인걸 보고 여기 호텔생기면 꼭와보고 싶다 생각했는데 아고다 검색에 뜨는걸 보고 단번에 결정했습니다 밤늦게 도착해서 잘 못봤지만 지중해의 고급호텔이 이럴까 생각했습니다 흰색의 벽과 붉은 지붕 예쁜 아치형의 복도 친절한 직원분들  주위 정원들 너무 아름다웠습니다. 아침시간도 빠듯한 일정이라 호텔 주변을 둘러보지 못한게 너무 아쉬워서
가족들과 꼭 다시한번 방문하려고요
객실도 너무 훌륭했습니다 감사합니다
자리덧하는 제가 여행에서 간만의 꿀잠이었습니다"
10.0,"태교 여행으로 선택한 숙소였는데  룸도 업그레이드 해주시고 수영장이랑 최대한 가까운 룸으로 주신 것 같아요. 
너무너무 만족스러웠습니다. 
업그레이드 해주신 월 스위트 룸 정말 좋았어요. 
가든 뷰 였는데 앞에 커다란 나무랑 잔디가 있어서 
보고만 있어도 힐링되는 느낌이었어요. 
침대랑 침구류도 너무 푹신하고 좋고 난방 켜면 바닥도 뜨끈해지더라구요 
화장실   욕조   샤워실 다 넓고 벽 모양도 특이해서 
정말 해외에 나와있는 기분이었어요 ㅎㅎ 
그리고 이 숙소를 택한 이유 중 하나였던 수영장 
너무너무 예쁘고 좋았습니다. 
인피니트 풀이라서 바로 앞에 산이 보이니 
꼭 발리? 같은 느낌이었고 물도 따뜻했어요. 
수영장에서 보는 산 뷰도 좋았지만 숙소 뷰도 너무 이뻤어요.  아침  저녁 다른 느낌으로 좋았습니다.  
저녁엔 조금 쌀쌀했지만 수영 후 찜질방에 들렀다 나오니 딱 좋았어요 ㅎㅎ
나중에 부모님 모시고 혹은 아기 태어나면 또 방문하고 싶어요. 
조식  석식 뷔페는 가격이 조금 비싼 감은 있지만 
간단히 먹기 좋았어요.
그리고 평일  주말 할 것 없이 이른 아침부터 호텔을 보수하고  청소하고 관리하는 분들이 많더라구요. 
그래서 호텔이 깨끗하고 관리가 잘 된다는 느낌을 받았습니다.  
지배인님도 친절하시구 데스크 직원분들도 너무 친절했습니다.  
머무는 2박 3일동안 너무 너무 만족스러운 숙소였습니다. "
10.0,"제주도착해서  관광하고 19시경에  숙소를
향해 갈때는 어두워서 산길을 운전하기
어려웠지만 체크인하고 3층 더블베드 트원방을 배정받았다
로비도깨끗하고 직원도 친절하다
방에 들어서니 깔끔하고 침구며 커튼 
인테리어 예쁘다
내가 젤 신경쓰는 침구가뽀송뽀송 맘에들고
화장실또한 깨끗하니 기분이 업된다
아침에 눈떠서 차한잔하며 한라산뷰와
가든뷰를 즐겼다
다시또 방문하고 싶은 곳이다"
10.0,"에코랜드에서 충분히 놀다가 야간 불빛을 보고 싶어서 숙소를 에코랜드 안에 있는 곳으로 선택했어요. 에코랜드 숙소에서 바로 연결되는 코스가 있는데 그것도 모르고 에코랜드 매표소까지 갔네요..;; 
숙소가 하얀색이라 이국적인 느낌도 있고 좋더라고요. 다만 편의시설 이용하려면 제법 걸어가야 하는 구조라 부모님이 좀 힘들어하셨어요. 부모님과 함께가면 뷰 보다는 편의시설 이용이 편리한 방이 좋을 듯 합니다. 걸아가는 게 힘드셔서 조식 포기. 연세가 있으셔서ㅠ 
그래도 부모님이 좋아하셨어요. 자연과 함께하는 곳이라 편안하게 잘 쉬다 왔어요~"
10.0,"와이프랑 2박했어요
직원분들 모두들 너무너무 친절하셨고
룸컨디션 수영장컨디션 최고네요
케슬동이 숙소였고 엘베타고 내려가면 바로 수영장!! 일단 성인용풀이 따로 나뉘어있어서 어린아이들과 다른 공간에서 수영할수있던게 최고 였습니다 가족단위도 많이 보이셨고 커플분은 인피니티풀에서 멋진 배경 수영장과 인생샷을 많이 건질수있어서 최고 였습니다
비가 자주왔지만 물이 미온수라서 춥지않고 좋았어요 ㅎㅎ 조식도 너무 맘에들었고
흡연실은 로비에서 나와서왼쪽 코너를 돌면 있었습니다 에코테마파크도 정말 사진맛집
담번 제주여행때 또 이용할 예정입니다
직원분들이 너무너무 친절!!"
10.0,완전 아름답고 시각이편한 호텔 5성급이지만번화하지않고 조용하고 편안하고 대만족의호텔 제주에자주와서 머물고싶은호텔 조식도가격대비 좋았고 직원들완전친절하고 유럽에온듯한호텔건물 또가고싶고 나만알고싶은곳 
10.0,"여행에서는 숙소의 영향이 젤 큰것 같아요 
제주도에 많이 와봤지만 정말 해외온 느낌을 준 숙소였어요. 숙소내에서만 즐기기에도 시간이 빠듯할 정도로 내외부시설이 좋았고 컨디션도 너무 좋고 직원분들도 너무 친절했습니다. 
다음번은 부모님하고 오고 싶을 정도 였으니 말 다했죠 너무너무 가성비 좋은 숙소였습니다"
10.0,아이가 조아하는 수영장 키즈카페 부럽지않은 놀이시설 까지   직원들도 너무 친절하구 너무 편하게 잘 놀고갑니다  아  식사도 너무 맛잇엇어요 
10.0,"자연친화적인 테마의 호텔로 넓고 층고가 비교적 낮아 마음의 안식을 더해주는 느낌이하 가족단위 여행에 좋다는 말을 듣고 타5성급 호텔과 고민했지만 20대 중반 커플이 느끼기에 너무 너무 좋았던 호텔! 
룸 컨디션도 좋았고 친절도도 괜찮았으며 발렛이나
호텔 내/외부 청결에 신경쓰는 모습에 마음 편히 
휴양을 즐기다 왔습니다👍"
10.0,객실 내부가 전반적으로 깨끗하고 객실간 소음도 없었습니다. 호텔에서 에코랜드로 진입할 수 있는 통로가 있어서 에코랜드 입장도 편리합니다. 다만 배치상 외곽에 있는 객실로 배정받을 경우 로비에서 상당히 오래 걸어야하고  가는동안 건물구조가 비슷해서 이정표를 제대로 보지 않으면 길을 잃거나 헤맬수도 있습니다.
10.0,"호텔에서 뒹굴뒹굴과 
수영장이 목적이여서 에약한 숙소
체크인하면 호텔설명서를 줍니다
복잡하고 어려워보이는데 
빙빙돌면 다 연결되어있습니다
노트북세탁실이있는휴게공간도 있구요 복도 군데군데 이렇게 휴식을 취할수 있는 공간들이 많았어요. 
롱가운 두개 짧은가운 하나 
수건은 아주 넉넉히 있었어요
슬리퍼도 세개(부직포천같아요)
금고도있어요
냉장고엔 생수 3개요
룸에 미니 건조대가 있어요
수영장 탈의실에 탈수기 있습니다
지하에 베이커리 식당 편의점이 있습니다
편의점 옆에 전자렌지 있어요
지하 갤러리에 멋진 작품들이 많았어요
한번 둘러보시기를
저희는 2박이였기때문에
첫날 저녁은 근처 밀림원가서 포장해와서 먹었습니다
다음날은 점심은 사발면과 햇반
저녁은 석식뷔페
비싸긴했지만 석화. 게 .굴.새우. 방어회 등
싱싱한 회가 좋았어요
스테이크도 먹을만했구요
뭐하나 사려면 비쌉니다
트레비하나 3천원이거든요 
연박을 하시고 
호텔에 머무르실분은 
햇반 사발면 음료 맥주는 사서 
들어오시는걸 추천드려요
저희는 저녁은 포장해와서 먹었는데 좋았어요"
10.0,에코랜드테마파크를 보다가 우연히 묵게된 호텔이지만 최공의 만족을 준 곳입니다.자연속 호수뷰가 그림처럼 아름답고 숙소에서도 이를 충분히 누릴수 있었어요.조식할인이 있어서 만족스럽게 먹었고 베이커리빵도 비싸지만 맛나요.예술작품들이 많고 야간까지 수영장을 무료 이용가능했어요.테마파크를 보고 걸어서 들어오는 수변길이 정말 예쁘네요
10.0,셔틀도 탈 수 있어서 렌트 없이도 가기 좋고 테마파크 볼 것도 많지만 체력 좀 좋아야하고 무엇보다 수영장 뷰가 좋았어요 사람 없을때 가서 그런지 무료로 업그레이드도 해주셔서 좋았네요. 다만 벽 재질이 까끌거려서 문제에요. 후기보고 벽에 긁혀서 피났다길래 속으로 오바하는거 아니야? 라고 생각했는데 진짜 살짝 스쳐도 피나더라고요. 근데 숙소는 정말 넓고 안에 있을건 다 있어요. 편의전은 프랜차이즈는 없고 안에 기념품 샵이랑 같이 운영하시는데 파는 종류가 많진 않아서 미리 편의점 들렸다가 가세요~ 석식이 좀 비싼 감이 있지만 숙소를 싸게 예약했으니 만족했어요. 다들 서비스도 좋으시고 뷔페 음식도 많아서 좋았네요. 디저트가 맛있으니 디저트 먹을 배는 남겨두고 드세요.
10.0,숙소에 묵는 내내 에코랜드 야간 개장과 숲 탐방  수영장을 즐기는데도 시간이 모자라서 밥먹으러만 나갔다왔어요. 물론 조식도 가격대비 훌륭합니다! 위치도 좋고 신축이라 깨끗하고 베딩도 좋았어요. 로비에서 룸까지 동선이 좀 길 수도 있어 아이가 있거나 부모님을 모시고 가시는 분들은 가까운 룸으로 미리 요청하시는 게 좋을 것 같습니다! 가족들이랑 즐기기도 사계절 내내 어느때건 좋을거 같아요! 추천합니다 :)
10.0,제주여행중 이틀은 바다 앞 호텔  하루는 산속에 에코랜드에 가게되었는데요! 에코랜드 들어가자마자 가족모두 호텔규모에 한번 놀라고  예쁜 인테리어  수영장  석식뷔페까지 너무 만족하고 갑니다. 직원분들도 한분한분 모두 너무 친절해서 기분좋아지는 호텔이었어요^^ 수영장도  최고 우리나라에서 제일 좋은것같아요 제주도 가는 지인들에게 다 추천하는중이랍니다 ㅎㅎㅎ
10.0,주변에 먹거리나 이런 것들이 없어서 제주시에서 저녁식사를 다 하고 들어갔어요. 아이랑 물놀이를 계획하고 간 곳이라 너무 만족했어요. 수영장도 물높이가 다양해서 아이가 원하는 곳을 택해서 수영할 수 있어서 좋았고  숙소도 생각보다 넓어서 더 좋았어요 ^^ 그리고 아주 깨끗했고요~ 만족합니다. 다음에도 한 번 더 가기로 했어요 ^^ 주차는 좀 힘든데  저희는 저녁을 먹고 저녁 시간때 딱 들어가서 가장 가까운 자리에 주차할 수 있었어요. 다른 차들 보니깐 다 갓길에 세우셨더라고요 그래도 문제 없을만한 도로라서 다 좋은 것 같아요 ^^ 
10.0,"친정엄마와 4살 딸아이 세모녀가 이용했습니다
일단 아기를 위한 침대가드 및 유모차대여가 가능해서 너무 만족했어요 석식 및 조식도 저는 먹고싶은거 몇가지와 음식퀄리티 만족했습니다 그리고 특히나 수영장 안에 있던 포차는 넘넘 만족했어요 음식도 맛있는데 저희테이블밖에 없는덕에 아이가 찡찡 거려 식사를 부랴부랴 했는데 직원분이 잠깐이라도 편히 드시라며 유모차 끌고 아이산책을 시켜주셨어요 ㅠㅠ 너무 감동했습니다.
아기때문에 호캉스만 하려고 했던터라 숙소 컨디션이 너무 좋았어서 다음에 아이데리고 또 가려구욤!
주변이 숲과 호수로 둘러져 있어 힐링도 되었구요 근처 에코랜드도 좋았습니다 다른호텔과 다르게 바닥난방도 좋더라구여 전 난방기보단 따뜻한 바닥이 좋거든요 여하튼 모든게 만족했습니다 "
10.0,이가격에 이정도 룸컨디션이면 이제부터 제주여행때는 무조건 에코랜드로 숙소는 픽이네요. 넓은부지  예쁜뷰  친절한직원들  좋은 룸컨디션  환상적인 수영장..특히 여기 뷔페 강추에요! 가짓수만 많은 뷔페가 아니고 맛있는것만 골라서 해놓은 뷔페라서 저흰 3박하면서 저녁뷔페2번에 조식뷔페1번을 이용했어요. 제주도에 거주하면 저는 뷔페만 먹으러도 가볼만할듯해요. 호캉스에 딱인곳이고..위치상 주변에 뭐가없긴하지만 상관없을 정도에요
10.0,"1. 일단 호텔들어가는 길부터 숲속길이라 힐링 시작
2. 직원분들 친절하심
3. 수영시설도 좋음(사진찍기도 좋음)
4. 호텔만드실 때 하나하나 돈을 아끼지않으신 느낌이 들었음
5. 이 가격에..더 이상 좋을 수는 없음..
6. 동남아 갈 필요 없음..진심..
7. 호텔 내 카페에 빵 맛있음
8. 4박이상 시 사용가능한 무료 세탁 및 건조시설있음

지금은 파르나스 스위트룸 이용중인데
가격 등등 다 고려해봤을 때 에코랜드도 충분히좋습니다♡"
10.0,제주에 살고있는지라 멀리는 안가고 제주에서 숙박을 잡는게 자칫 너무 익숙한곳에서 있는느낌일까봐 걱정했는데 전체적인 분위기가 되게 유럽풍이라 좋았어요! 다른 나라에 온것같은 분위기를 느껴볼수있었어요ㅋㅋ 그대신 단점은 치약칫솔이 없는데 숙소안에는 편의점은 없고 그냥 호텔매점?같은걸로 되있어서 왠지 안써도될 돈을 쓴느낌이라 조금 아쉽기는 하지만 그거빼곤 다 좋았어요~ 저녁뷔페도 나름종류 다양하고 괜찮았어요 다음에 또갈일있음 다시 가보고싶어요 :)!
10.0,"정갈한 객실  멋진 수영장  친절한 직원분  맛있는 조식
정말 완벽한 호텔이었습니다.
3대 가족여행 덕분에 기분좋게 시작합니다.
감사합니다!"
10.0,"일단 가격이 합리적이며 숲 안에 잇어서 자동으로 산림욕됩니다
객실은 대체적으로 크며  수영장 또한 아주 훌륭합니다. 에코랜드 부지가 넓어 산책이 좋으나 부대시설 이동 동선은 조금 깁니다. 주차장도 넉넉하며  직원들도 대체로 눈마주침에서 인사를 하는 모습이 외국같아요. 변하지 않앗음 하네요. 수영장에서 안타까운건 비수기라 사람도 적엇는데 선베드를 돈받고 사용이 가능하여 아무도 이용을 못햇는데 시정을 하는게 좀더 나을듯 합니다. 수영장직원들은 객실 직원처럼 눈마주치며 인사정도는 하는 CS교육이 필요할듯 하네요 전체적으로 만족하며 내년에 제주도가면 다시 갈 생각이 잇네요"
9.6,1박2일 푹 쉬러 석식뷔페도 먹고 방에서 푹 쉬고 수영장까지 이용하기 너무 좋아여   이번이 세번째입니다   직원분들 안 친절한 분이 안계시고 청결상태도 너무 좋습니다.. 프론트 및 지나다닐 때 마주치는 여사님들   뷔페에 계시던 직원분들 어떻게 이렇게 채용했지 싶을만큼 친절하셔서 신기했습니다..!!
10.0,"제주도에 첫 가족여행이었습니다.
직원분들도 너무너무 친절하시고 풀장이 좀 춥긴했습니다. 겨울엔  조금 더 따뜻했으면 좋겠어요.
침구도 최상 화장실도 최상 빵집도 진짜 너무 맛있었구요. 카페층에서 보는 전망은 정말 예술 작품 같았습니다. 다음에 날씨 좋을때 다시 가고 싶네요. 위치는 저희는 차가 없었는데도 카카오택시가 잡혔습니다. "
10.0,"커플로 골프여행으로서 아늑하고 잔디상태도 괜찮았었습니다. 직원의 친절도도 최고였던것같습니다.
재방문 의사 있음."
10.0,"너무만족스런 숙소였어요~~
7박내내 편안한마음이었고 담에 또가고싶어요~~분위기가 좋아서 추천또추천입니다~~"
10.0,"처음 에코랜드호텔 방문했는데 정말 좋았어요
조식도 먹을께 많아서 어떤걸 선택해야할지 고민도 많이되고 수영장도 넓고 편해서 아이랑 즐겁고 행복한 시간을 만들어주는것 같아 뿌듯합니다. 다음에도 또 이용하고 싶습니다. 그때는 하루더해서 4박5일로 묶고싶네요^^좋은 추억과 행복한 시간을 선사해준 에코랜드 호텔에 감사드립니다."
9.6,"우연히 발견했는데 너무 깨끗하고 예쁘고 해외에 온 기분이들었습니다 
방크기에 비해 가격도 너무 좋았고 만족스러운 투숙이였어요 
수영장이 외부에 있어서 걸어가야했는데 밤에는 좀 추워서 수영장에 못가본게 넘 아쉽네요 
조식도 맛있고 레스토랑 뷰 넘 좋습니다
직원들도 모두 친절하구요!! 
다시 방문하고싶은 호텔이고 사진 올렸더니 지인들도 다 가고싶어하네요 감사합니다"
9.6,"어느것 하나빠지지않고 좋았던 숙소였어요
석식도 조식도 둘다 먹었는데 아이가 먹을수있는 음식도 많아서
걱정없이 먹을수있어서 즐거웠어요.
편의점이라기엔 애매하지만 작고예쁜매점이 있어서 거기서 구매하면되구요 근처는 산이라 편의점은 없습니다.
이점은 참고하세요 그래도 숙소오기전 미리 장봐오거나 사오면불편함은 없을거같아요

룸컨디션은 말해뭐해요!!
룸도 너무 잘되어있고 연박을 했는데 청소도 잘해주셨어요
대신 좀 건조한건있었어요

수영장도 다양하지는 않았지만 잘 놀았어요
액티비티보단 휴식을 원하시는곳을 찾으신다면 에코호텔이 안성맞춤일것 같아요!!"
9.2,"제주 맛집에서 저녁을 먹은후 늦게 체크인을 해서 그런지 방배정을 286호ㅠ 건물 제일 끝에 배정받았음ㅠ
체크인시에 수영장 가까운 객실을 문의함이 좋을듯함. 아이들과 수영장 베이커리  매점이나 로비를 이용하는데 거리가 너~무 멈.
수영장은 엄지척!
따뜻한 물과 수영장에서 바라보는 호텔뷰는 꼭 외국에 온듯한 느낌으로 사진이 아주 잘 나옴.
수영장에 있는 매점은 조금 가격이 있음.
수영장에 있는 탈의실 내 샤워장 탈수기가 있어 룸에 있는  하얀가운 입고가는 것보다 탈의실에서 수영복으로 환복후 수영하는걸 추천. 여름외 다른 계절은 젖은 수영복에 가운을 입어도 수영장에서 숙소까지 가는 길이 아~주 멀어서 너무 추움. 샤워장에 삼푸와 바디클렌져 탈수기와 드라이기 수건이 배치되어 있으니 씻고 머리 말리고 가는걸 추천함.
여기호텔에 묵으면 에코래드 티켓이 반값으로 할인되어 구경 잘 했음.
수영과 에코랜드 관광은 강추함.
직원들도 친절하고 부대시설도 괜찮음.
룸은 깨끗하나 5성급 느낌은 아닌듯.
수영은 꼭 하시길..
다음에도 한번 더 가고싶은 생각이 듬."
10.0,"추울때 갔는데 수영장 물 너무너무 따뜻하고 동그라미 사진찍는 곳 쪽에는 어린이 못가서그런가 사람이 은근 없어서 좋음 입구쪽에 찜질방도 있음
매점도 있는데 늦게 가서 그런가 문 닫아서 이용 못함
숙소도 조용하고 연인이나 가족끼리 오기 너무너무 좋음
또 가고싶음"
9.6,"말할것도 없이 제가 살면서 가본 숙소중에 제일 이뻤고 수영장도 온수를 틀어주셔서 좋고 수영장 가는길에는 갤러리에 편의시설에..그냥 뷰가 끝내줘요ㅜㅜ
여자친구 생일로 여행왔다가 너무 행복했네요ㅎ
직원분들도 친절하시고 룸서비스 굉장히 빨라요><
방도 여자친구 생일이라구 업그레이드 해주셔서 감사했습니다!"
10.0,"에코랜드 이용권 패키지 상품으로 구매해서 이용했어요
다음에는 시간을 좀더 넉넉히잡고 가려구요ㅜ
호텔 수영장도 잘되어있었는데 저녁에 신랑혼자 이용하고 전 사진만찍고와서 아쉬웠네요^^"
10.0,"깨끗하고 아름답고 넓고 친절합니다. 
수영장도 좋았는데 저희갔던날은 강추위라 풀에서 사진만 찍고 온수탕에만 있었네요. 추운날 수영장가실때 개인 슬러퍼 필수입니다. 이동하실때 미끄럽고 발 얼어요. 야외탈의실에서 샤워 및 드라이 가능해서 좋았어요.
석식 좋다해서 이용했는데 강추입니다. 특히 회가 맛있네요. 
객실내 욕조 수압도 세서 히노끼탕에 금방 물이 채워져서 편했네요. 로비에서 객실까지 한참을 걸어야했지만 1박이 아쉬웠어요."
10.0,"가족들하고 한번 더 갈 계획
숙소 만족도 최고~~
힐링되는 숙소
제주도에서 가장 좋은 호텔이라고 해도 무방~~할듯
자연자연하면서 깨끗하고~~ 너무 좋아요 
야외풀 인생샷 나옴 ㅋㅋ 넘 멋진 장소"
10.0,자주와야할듯요
10.0,여러모로 좋은호텔
8.0,"가족여행으로 방문했습니다. 
주변 시설이 없는 단점이 있지만 자연을 즐기기에 충분한 공간입니다. 

다만 이용시설에 가성비만 더해지면 더 좋을것 같아요!"
9.6,시설 깨끗하고 가성비 좋아요😀😀
8.0,"건물내시설찾기가 힘듦
편의점?이 없음.대용량 물도 안팜.
부페말고는 먹을곳이 없음.
다비쌈.

근데 깨끗하고 레이크뷰가 좋음
하루이틀정도는 괜찮을듯
"
6.4,괜찮아요
10.0,생각보다 좋음
10.0,디너뷔페도 예술이었고 특히 객실이 아주 좋았습니다
9.2,"이번에  3번째 방문인데요  호수뷰 넘 이쁘고  온수풀  넘넘  재밌었어요~   물관리도  아주   깨끗하게  위생적으로 하시고  특히  야경이  이쁘네요~~
엄마가  첨으로  수영장 물놀이  하셨는데  아주 즐거워하셨어요
날풀리면  또 오자고 하시네요 ^^"
9.6,"친구들과 이용했는데 정말 좋았어요 
그치만 차 없이 이동하기에는 많이 어려울 것 같았어요ㅠ
택시가 호텔까지 들어가주지는 않을 것 같더라구요..
그래도 룸 컨디션과 수영장 모두 정말 좋았어요!
다음에 제주도 방문한다면 꼭 다시 오고싶은 곳이예요 ! "
9.6,"여유롭게 1박 잘하고 왔답니다.
"
10.0,"직원들도 친절함리
겨울에도 온수풀장이 있어
수영 좋아하는 사람들은 멋진
경치와 함께 즐거운 시간을
가질수있는 곳입니다"
9.2,가격대비 만족도가 높고 직원태도와 숙소위생상태는 훌륭했습니다 숙소의 부대시설은 졸고 위치는 조금 아쉬웠지만 전체적으로 만족스러웠습니다
9.6,깨끗한게 최우선인데 너무 깨끗하고 좋있어요
9.2,"숙소 위생상태 너무 좋구요 곰팡이 이런거 없이 정말 신설이에요 
가격도 제주도에서 이만하면 괜찮구요
들아가는데 조금 시간이 걸리기는 하는데 조천읍이 은근 제주도 다 돌아다니려면 중간위치라서 그런것도 장점이구요
온수풀은 날씨상황에 따라 할때도 잇고 안할때도 잇으니 그건 알아보셔야할것같아요"
8.8,겨울철 물놀이가 가능한 호텔을 찾는 도중에 아고다  추천으로 이 호텔을 알게되었는데요. 큰 야외 수영장과 인공 호수를 끼고 있는 멋진 곳이었네요. 이틀동안 편안하게 쉬고 갑니다.
9.2,"잘 놀다 갑니당
깨끗하고 수영하거나 주변 풍경이 좋아요"
9.6,하루는 여기에만 있는 다고 생각해도 될 정도로 제주도에서 강추하고 싶은 곳이에요.  수영장도 너무 괜찮았고 호텔 시설 좋고 조식도 너무 만족스럽고 무엇보다 공항에서 무료셔틀이 너무 좋았어요. 뚜벅이여행자도 갈 수 있어요. 아쉬운건 근처 먹을 곳이 없어 먹을만한걸 사서 들어가는게 좋을 것 같아요
10.0,"호텔이 너무 예쁩니다.
청결해서 너무나 좋구요 
에코랜드도 너무나 예쁘구요~
동심으로 돌아갈뻔했습니다
"
10.0,정말 강추. ✨👍🏻
8.8,저는 평일에 이용해서 사람도 거의 없었어서 수영장도 잘 놀았는데 주말은 사진 못 찍을 거 같더라고요 ..^^ 디너 뷔페보단 차라리 사와서 먹는 게 더 나은 거 같아요
10.0,침구도 깨끗하고 모든게 다 좋았어요. 수영장 짱!!!ㅎㅎ담에 또 꼭 올꺼에요. 
8.8,전기차 dc콤보 충전기가 하나밖에 없어서 불편한거 빼고는 다 좋았습니다. 아.. 로비랑 숙소까지 찾기가 좀 힘들기도 했습니다^^;;
9.6,처음 방문했는데 로비부터 너무 이쁘고 마음에 들었습니다. 또한 프리미어디럭스 방에 투숙했는데 부모님이랑 와이프 아이들이 넓고 뷰가 좋아서 좋았습니다. 다음에도 투숙 예정
8.4,"호텔에서 수영장  에코랜드  뷔페 등 다양하게 즐기기 좋아요 
투숙객 대비 수영장이 좀 협소하긴 합니다.  여름에는 메인 풀 이용가능하면 좀 괜찮을 것 같아요 "
10.0,좋아요
10.0,"여행기간내내 비가와서  수영장을  가족과함께이용하기 좋았고 
조식뷔페도 맛있었답니다. 비가내려호수뷰가 더운치있었습니다"
8.8,다 만족햇어요
10.0,깨끗한 객실  친절한 직원  각종 숙소편의시설  수영장  스크린골프장  노래방 너무 너무 좋았습니다. 
10.0,"로비로 들어서는 순간부터 포지션 무관하고 다 환히 반겨주시며 인사해주시는 직원분들 너무 마음 따뜻하고 행복했습니다.
방도 너무너무너무 넓고.. 방도 온돌이 엄청 뜨끈하고.. 작년 아이들과 이용했었지만 올해는 저 혼자 여동생과 여행다녀왔네요.. 아이들과 오기 최고라 생각했습니다만 어른끼리와도 이리 좋으네요.. 저는 중문에 비싸지만 좀 낙후된 고급호텔보다 여기가 훨씬 고급지고 쾌적하고 편하고 좋더라구요.. 수영장도 눈으로 볼때보다 들어가보니 꽤 넓고 따뜻하고 좋았어요.. 걸어가는길이 좀 춥긴했지만 중간에 사우나도 있어 몸 녹여가며 갔습니다. 좋은 여행이 되게 도와주어 감사합니다. 에코랜드호텔♡"
7.6,"숙박과 야간 수영장  그리고 여유로운 조식..
에코랜드 투어까지 만족합니다"
10.0,아주 만족합니다.
8.8,하루만 묵은게 너무 아까운 숙소 ㅜ 구석탱이에 있긴 하지만 수영장이랑 룸 전부 너무 좋아요.. 부모님이 진짜 좋아하셨음. 침대 겁나 푹신함. 수영장안에 포차 은근 괜찮음ㅋㅋ추천
6.8,"장난 아니게 비쌈
조식은 음식들에 비해 비쌈주의~! 맛은  글쎄요?"
10.0,안락한  숙소.친절. 서비스 최고
9.6,"조용히 쉬는 것이 좋아요 
수영장 최고"
9.6,가성비 좋고 침대가 누우면 잠들 정도로  엄청 좋아요
9.2,공항에서 멀지 않아 좋았어요. 그리고 방이 굉장히 크고 깨끗해요. 4명이 함께 가서 방 두 개를 나눠 썼는데 모두 만족했고 다시 와도 좋을 것 같다고 말했어요. 수영장도 너무 좋았습니다. 밤 수영 때 별이 하늘에 반짝이는 걸 보고 너무 아름답다 생각했어요. 근데 수영장 샤워실 탈수기가 뚜껑도 고장난 상태고 작동도 제대로 안돼서 불편했어요. 그거 빼고는 다 넘넘 만족했습니다. 
10.0,숙소 주위에 즐길거리가 많아서 좋아요
10.0,good hot swiming pool
9.6,"인생사진도 건지고 물놀이하기엔 딱입니다
수영장이 멀어서 이동할땐 손발 얼뻔ㅜ
숙소는 넓고좋았으나 새벽내내까지도 계속 물소리가ㅠㅠ 못잤어요"
9.2,"사진보다 실물이 더 쾌적하고 좋은 호텔입니다 직원분들도 친절하십니다
위치가 조금 외진곳이라 그것 빼곤 다 좋아요"
6.0,"위치가 관광지쪽이 아니란 것만 빼고 다 좋아요
조식도 좋고 수영장도 좋고
가격도 시설에 비해 저렴"
9.2,위치는 조금 아쉬우나 호텔 시설 서비스 뷔페 등등 모두 만족합니다 추천합니다 재방문의사 아주많아요
9.2,가성비 최고!
10.0,"객실도 넓고 쾌적합니다~
부대시설도 이용하기 편하고  조식도 맛있습니다!"
10.0,너무 깨끗해요
6.8,숲속에서 즐기는 힐링타임  경치 좋은 풀장은 잊을수 없는 추억을  만들어 주네요
9.6,"기대 이상의 숙소였습니다.
재방문 의사 200%입니다"
8.8,친절하고 다 좋은데 좀 외지에 있어서 이동이 힘들어요. 그리고 부대시설이랑 숙소랑 멀어서 오래걸리긴했는데 다들 친절하고 숙소도 이쁩니다.
10.0,최고의 숙소  수영장도 좋아요. 
9.6,동화속 숙소 같고 온수풀에서 잘 지내다 왔습니다
8.8,"수영장이 진짜 최고엿습니다
재발문 의사 잇어료"
10.0,체크인부터 체크아웃까지 좋은 서비스로 제주도에서 힐링여행했네요^^ 
9.2,5성급 호텔과 비교해도 전혀 밀리지 않는 룸 컨디션에 감동받았습니다 침대가 무려 시몬스고급입니다~ 구석구석 먼지 하나 없으며 2박인데도 매일 청소해줍니다 화장실 대리석 바닥이라 정말 깨끗하고 베딩 또한 정말 포근합니다 적극 추천합니다
10.0,좋아요
9.2,쾌적하고 레이크뷰가 멋있습니다. 겨울에 온수풀은 크게 넓지는 않으나 뷰는 멋있습니다.
9.6,조용하고 눈오는 날의 경치를 만끽할수 있어서 만족했습니다. 특히 갤러리 예술품이 너무 멋지고 충분한 휴식공간에 여유를 느낄수 있어서 힐링여행으로 추천합니다. 첨벙포차에 들러 딱새우와 고갈비 곁들인 한라산 소주는 추억을 돋게하네요. 가족과 다시방문하겠습니다.  스파는 말할것두 없구요. 단  찜질방 온도가 조금 더 높으면 좋겠어요. 저희가 방문한 날이 눈도 오고해서 매우 춥긴했어요. ㅎ 
8.8,굳이 해외를 가지않아도 리조트에서 쉬고 온 느낌입니다. 침구와 베개  인테리어의 아늑함  예민한 깔끔쟁이들도 만족할 청결함과 마주치는 직원분들의 능숙하고 세련된 친절함  뷔페  베이커리  노래방  스크린골프  갤러리 그리고 야외 수영장과 한증막까지 살뜰히 즐길 수 있었습니다. 아주 조금 아쉬운건 추위 탓인지 좀 무뚝뚝했던 수영장 직원과 뷔페와 포차뿐인 식당이었습니다. 
9.2,더할나위없습니다.
10.0,good
7.6,"차로 이동해야 하는 위치에 있지만  자연 느낌의 객실 디자인이랑 인피니티 풀도 예뻐서 예약함. 그치만 서비스는 불만족… 
Snow Day 객실 업그레이드 비용 50% 할인 팻말 탁자에 올려놓고 실 제시한 할인율은 다름..ㅎ 연박 처리에 익일 객실 정비가 되면 컨택해준다고 안내했으나  반영 안됨. 캐리어도 퇴실시간 11시에 맞춰 들고 왔다갔다 해야하는 번거로움 있음."
8.0,사계절 즐기기 좋은 호텔이고 깨끗하고 고급스럽고 매우 좋은 호텔이다. 
10.0,깔끔하고 친절하고!!조식과 레스토랑이 매우 맛있어오ㅡ
10.0,생개보다 가격대비 넘 좋아서 다음에도 또 선택할것 같아요
9.2,"오랫만에 여행갔는데
눈   비 연속의 날씨에 외출이 쉽지 않았어요 
다행이 호텔이 크고 넓어서 푹 쉬었다가 왔어요 
조식 석식 부페 다 좋아요!!!
"
9.2,"시설도 너무좋았고 수영장도최고였어요~
석식은 너무 기대를해서그런지 제입맛엔 좀
부족했어요ㅠ 그래도 에코랜드 조만간 다시
갈려구요ㅎㅎ"
10.0,힐링하기 좋은 곳
10.0,눈이 와서 분위기가 훨씬 더 좋았어요. 모든 시설이 넘 깨끗하고 수영장도 잘 돼있어서 즐겁게 잘 놀다 왔습니다. 강추합니다.
9.6,"기대이상...깨끗합니다!
가격대비 매우 좋아요
편안한 휴식이 보장되며  기타 부대시설의 조화로움이 색다른 즐거움이 있네요"
10.0,진짜 동남아 부럽지않은 온수풀에 시설도 너무 좋구요 호텔뷰도 미쳤고 계속 가고싶은 그런 호텔입니다👍👍👍
7.6,"어디 안나가고 호텔에서 잘 쉬다가요~~
수영장이 멀어서 너무 추웠지만 그래도 한번 이용하기엔 좋구요 디너도 너무 맛있었어요 :) 많은 여행지 안다니고 호캉스 원하시면 딱 좋아요 !!!"
6.0,"수영장때문에 선택한 호텔입니다
겨울에는 다시 가지 않을듯해요
수영장까지 가는길이 멀고 너무 추운데 물도 생각보다 따뜻하지 않았어요
여름이라면 다시 가도 좋을듯한데 10만원 초반을 넘는금액이라면 다시 생각해볼듯하네요
친구랑 간 2주뒤에 부모님과 여행계획이 있어 괜찮으면 여기로 정할랬는데 고민없이 다른곳으로 정했네요
"
9.6,호텔의 전체적으로 예쁘고 룸컨디션이 너무너무좋았어요  테라스 뷰도 탁트여서 좋았고  화장실과 샤워실분리도 맘에 들었습니다. 온수풀이용도 편했고ㅎ 산책하기 좋은 호텔이였습니다.
10.0,멋진 유럽풍 호텔이네요~~ 후기가 좋아서 이용했는데 이백퍼 만족입니다~ 기후가 눈보라로 주변을 볼수없어 많이 아쉬웠는데 숙소에서 있어도 좋아요~ 담번에 꼭 다시 오고싶은 곳입니다!!
9.6,"가성비 최고인것 같아요
제주 숙박비 인플레이션이 유독 심하다 느꼈는데
가성비가 아주 좋은 호텔입니다
수영장 가는길이 너무 추웠던것만 빼면.."
10.0,저렴한데 깨끗하고 수영장까지 이용할수있어서 너무 좋았습니다
9.2,위치는 다 알고 가실거라 믿어요 나머지는 다완벽합니다!
10.0,이번여행에는아쉽게부대시설들을이용하지못했는데.  다음에는꼭호텔내에부대시설까지용용하고싶네요~~2박하면서..너무편하고친절하시고..숙소자체가너무조용하고..쉬기좋고...(방)깨끗해요...늦은시간에 입실해서 숙소 외부를잘둘러보지못한게너무아쉬워서..담에또제주도에간다면이곳에서..숙박하고싶어요~~
9.6,숙소도 좋고 직원분들도 친절하고 연박했는데 청소도 깔끔하게 해주시고  일회용품  수건도 교체해주셔서 좋았어요.
10.0,이번여행엔호텔부대시설을이용을하지못했는데...다음엔호텔부대시설위주로...하루일정을짜고싶어요~~따뜻할때꼭다시방문하고싶어요~~
6.8,가계대비 괜찮아요 근데 날씨가 안좋을때는 에코랜드 이용 못하멵산중턱이라 주변에 뭐가없어 나가야해서 붎편해요
9.2,모든게 너무 완벽한 숙소이지만 먹을게 부족해요. 뷔페가 하나밖에 없고 그 흔한 편의점도 없어요. 미리 먹을거 쟁여와야 하는 동네...배달도 거의 안됨.  그래도 룸 크기나 G층 갤러리 등등 고급스런 분위기에 비해 가격은 혜자입니다~
8.4,레이크사이드뷰 프리미엄 숙소였으며  위생상태 청결했고 뷰도 좋았습니다. 야외 수영장이 온수라서 비교적 추운날씨에도 이용가능했으며 에코랜드도 할인 받아서 저렴하게 잘 이용했습니다. 가족여행이라면 한번 쯤 추천드립니다.
9.2,최고입니다
8.0,아들과 단둘이 오붓하게 휴가를 만끽했습니다. 수영장  테마파크 일부 오픈은 많이 아쉽습니다
10.0,여행할 때 무엇보다 청결함을 제일 많이 보는데 정말 깨끗하고 직원분들도 너무 친절했어요 숙소도 아늑하고 이쁩니다!!
9.6,"비오는 제주도 가족첫날이였는데
늦은시간 체크인이였는데도 친절히 룸도 업그레이드 해주셔서 좋았습니다
비가 많이 와서 호텔 외부 수영장도 못가봐서 아쉬워 담번에도 꼭 한번 더 올 예정입니다"
9.6,시설 깨끗하고 좋아요
8.4,"23년 6월 가족으로 방문하여 너무 좋은 기억이 있어 24년 1월 다시 방문했습니다.

겨울철 노천탕과 숙소청결상태  아늑함이 예전과 동일하게 너무 좋았습니다.

재방문의사 또 있습니다. "
9.2,"위치가 꽤 안쪽이라 한번 들어갔다가 나오는데 꽤 많은 시간이 걸리긴해요. 
그래도 방이 깨끗하고 날이 좋으면 수영장도 이용이 가능해서 좋을거 같아요. "
8.0,only one restaurant for long stay guest is no good and too expensive
10.0,따끈따끈한 헤링본 온돌마루가 너무 좋았습니다. 롬콘디션은 최고였고 실외 수영장의 수질은 너무 깨끗해서 깜짝 놀랐습니다.  조용한 힐링에는 최고의 호텔이라고 생각합니다. 
9.2,"저는 6세 쌍둥이 애들과 2박 하였습니다.
먼저 지은지 얼마 안된 숙소라 그런지 숙소 위생상태에 매우 만족스러웠으며  유모차와 침대가드를 부탁드렸는데 흔쾌히 설치해주셨어요.
그리고 아이들이 수영장 이용이 용이하게 방을 주셔서 얼마나 감사한지...
또 실내 수영장도 이틀이나 이용하였는데 오가는 길이 실외임에도 불구하고 아이들과 아름다운 풍경을 바라보며 뛰어보는 신나는 추억을 만들었습니다.
저는 재방문의사 100프로 입니다."
9.6,디럭스 프리미어 룸이라 방도 넓고 욕조도 있어서 편히 쉬다 갑니다.
9.6,실외 수영장이 최고입니다.
9.2,"에코랜드를 이용할 예정이라면 하루쯤 머물러도 정말 좋은 곳. 수영장도 훌륭해요~ 여름에
강추!! 풍경도 인피니티풀도 좋아요^^"
10.0,위치는 좀 아쉬웠지만 정말 최고였어요. 아이가 특히나 너무 좋아했구요. 그래서 또 가고 싶어지는 숙소에요. 
8.0,"숙소의 외관이 정말 예쁘고 멋있었어요~~
가격도 5성급 호텔 대비 합리적이어서 대만족했어요~ 조식먹을떄 창가쪽은 뷰가 멋져요! 계속 청결함을 유지해주세요"
9.6,매우 흡족한 숙소와 식사
9.2,숙소내부도 예쁘고 잘되어있고 수영장도 항시 오픈되어있어요. 다만 외진곳에 있어서 어딘가 포장해서 오지않는 이상 먹거리를 내부에서 사먹어야하는데 선택지가 많지않네요ㅠ 그래도 이가격에 이런 컨디션의 숙소라니 너무 훌륭합니다. 직원분들도 모두 너무 친절하셨어요:)
4.8,"연휴라 만실이긴 했으나
추운 날 뜨거운 물이 안나와 컴플레인 제시했으나 기다리란 말뿐 그 어떤 제스쳐도 답례도 없었어요 넘 당황스럽더라고요;;"
8.4,"시설  친절도  위생 100점

위치가 외곽이라 배달이나 나가서 장봐오는 불편함이 있음

호텔에서만 식사  휴식  물놀이 할 계획이라면 100점"
8.8,수영장 이용해보려고 1박 예약했는데 물도 따뜻하고 좋았습니다!
9.2,캐슬동 더블침대2개  방 정말 크고 화장실 넓어요. 깨끗하고 룸컨디션 좋습니다. 어메니티도 특별해요. 온수 수영장 저희는 너무 만족  직원들 친절  투숙객 에코랜드 50프로 할인!! 재방문 의사 100프로!! 위치가 단점인데 주변에 아무것고 없음  지하 카페 비싸고  편의점 같은곳도 비싸요. 5성급에 맞는 레스토랑이겠지만 가격이 너무 비쌉니다. 객실 넓고 청결  수영장 온수 좋아요. 단점은 음식 먹을게 없고 카페  편의점 비쌈 그래도 인원대비 가격에 수영장만 이용한다면 가성비 굿
9.2,조용하고 깨끗하고 좋아요 
9.6,"숙소컨디션도 좋고 건물자체가 너무 아름다워요.
야외수영장은 진짜 환상적입니다.
온수풀이용이 가능한데 추운날씨에도 너무 좋았어요."
10.0,훌륭했습니다!  야외 수영장  붐비지 않아서 재미나게 놀았습니다.
7.6,숙소안에서 다 해결해야하는데 식사하는데 선택의 폭이 좁아서 아쉽지만 깨끗하고 이국적인 분위기에 숲속에서 힐링하는 기분이었음
9.6,"동화 같은 객실  온수풀  품위 있는 갤러리  아름다운 주변 환경과 어울리는 격조높은 호텔 최고였습니다.
"
10.0,"가심비 라는 단어가 적합한 호텔이에요
제주여행 일정이 빠듯해서 잠만 잘 숙소로 구한건데 호캉스로 즐겨도 좋았을거란 생각이 많이 들었습니다. 다음에 다시 숙박해보기로! "
10.0,미쳤다 에코랜드 제주도 여행은 앞으로 여기만 갈듯
10.0,깔끔하고 무엇보다 수영장과 디너뷔페가 정말 맛있었어요  이후에도 부모님과 한 번 더 방문했었는데 두 분도 만족완전
9.2,직원분들 친절하고 놀거리 볼거리가 호텔안에 많네요
9.6,"온수풀 하나보고 덜컥 예약했는데  부대시설부터 위생까지 너무 완벽했구요.
조식 너무맛있었어요~~!
재방문 의사 200프로 있습니다~^^"
8.8,깨끗하고 전반적으로 너무 만족스러웠어요
10.0,"초등이하 아이들이 있는 가족 여행이라면 진심 추천합니다.

밤 늦게 까지 운영하는 수영장(온수)  편의점  베이커리..   그리고 에코랜드 걷기 여행.. 머 하나 만족하지 않은게  없네요.

한가지 아쉬운건 수영장에 샤워실이 있고  비치타올을 주는데도 손님들이 호텔 가운과 (부직포)슬리퍼를 신고 젖은 상태로 숙소와 수영장을 오가는건 아이들이 보기에 좋아보이지 않았습니다.

신축 숙소인 만큼 다음 손님을 위해 깨끗하게 사용하는 에티켓이 필요해 보입니다."
7.6,"가족과수영장 부대시설이용으로2박하기 좋음
시내와거리가 있어 여행중 이동시간으로 잡아먹는 시간이 많음"
9.2,담에 또 오고싶은 곳입니다
9.6,가성비 5성급이란 말이 이해가 되었던 에코랜드호텔  숙소가 좀 안쪽에 있지만 그래서 고요하고 차분한 느낌이 들어서 좋았어요. 조식 추가했는데 만족스러웠고  겨울에도 따뜻한 온수풀을 사용할 수 있어서 젤 만족스러워요!! 가족들도 다 만족했습니다. 다음에도 기회되면 방문하고 싶어요~
10.0,눈이 많이 왔는데 제설도 잘 해 주시고 만족했어요. 수영장 가는 길ㅇㅣ 춥다는 후기를 보았는데.. 정말 춥고 살짝 열악해요 ㅠㅠ 수영정 자체는 좋아요! 물도 따뜻해요! 
9.6,좋아요. 위치가 애매한점은 있지만 자연도 좋고 시설도 좋네요
8.8,밤 늦게까지도 수영장이 오픈해서 겨울이지만 아주 즐겁게 지내다 왔어요. 뷔페 이용하지 않으면 식사 해결이 조금 어렵습니다. 전자레인지도 공용으로 하나만 있어서 포장 음식이 있다면 따로 지하에 내려와서 데워야해요. 하지만 직원분들이 정말 친절하고 아이랑 즐겁게 지내다가 갑니다. 저희는 셔틀을 잘 이용했는데 아무도 이용을 안하시더라고요? ㅋㅋ 공항까지 다이렉트로 40분정도로 날아서 도착했습니다. 조천 쪽으로만 여행했는데 여러곳을 여행하신다면 별로지만 관광보다는 힐링을 선택하신다면 아주 적합한 숙소입니다. 
9.6,한라산 등반 후 가까운 곳이여서 숙박을 했습니다 위치도 가깝고 조식도 맛있고 물놀이도 아주 즐겁게 했어요 정말 좋은 추억 만들었습니다
9.2,"다른말 필요없이 추천합니다.
수영장  시설도 너무 좋았어요."
9.6,"부모님과 함께 갔는데 부모님이 까다로워서 걱정했는데 수영장 온수풀에서  수영도 재밌게하시고 산책도하고 즐겁게 보냈어요
그리고 입맛 까다로운 엄마가 조식에서 나온 베이커리 진짜 맛있다고 계속 말하고 성게미역국이랑 보말죽 맛있다고 여러번 말하더라구요
수영장 뷰도 너무 좋고 설날쯤이나 주말에 또 예약해서 가족여행 갈 예정입니다

특히  도착해서 차 내리자마자 호텔 입구에서 맞아주신 직원분이 너무너무 친절해서 호텔에 대한 이미지가 넘 좋았어요👍
다른 호텔도 친절하긴한데  여긴 딱 내리자마자 친절해주시니까 또 가고싶더라구요 ㅜㅜㅜ 
담엔 무조건 2박 이상 할거에요!! 최고"
9.6,저렴한 가격에 4명의 친구들이 이용하기에 너무나 좋았어요.  주변 풍경도 멋지고 객실 만족도도 매우 높아요. 조식도 맛있고 좋아요.  저녁에 수영장도 좋았는데 락카룸에서 수영장까지 이동 할때 너무 추워서 깜짝 놀랐네요.  아무튼 전체적으로 너무 좋아서 3월에 또 이용 예정입니다. 
9.6,"가족분들이랑 가기진짜
최고에여 처음에는 위치가 좀 그랬는데 오히랴 프라이빗하고 좋은거같아요 안에서 즐길수 있는것도 넘나 많고 힐링했습니당 ㅋ"
8.8,"위치는 좀 외지지만
내륙쪽에서 이곳저곳 다닐때는 좋네요"
10.0,독특하고 세련된 에코랜드 숙소에서의 행복한 추억 감사합니다.
8.8,생긴지 오래되지 않은 만큼 깨끗하고 관리가 잘 되어있어요!
10.0,너무 좋아서 다음에 또 가고싶어요
9.6,"유럽의 성을 연상케하는 에코랜드 호텔은 깨끗하고 따뜻한 느낌의 호텔이었다.
룸 컨디션도 좋고 수영장  갤러리도 좋았음.
조식도 가격대비 굿~~~"
10.0,"1박만 한 걸 정말 후회 합니다..
부대시설도 좋고 직원들도 친절했으며
겨울인데도 불구하고 온수풀에서 너무 즐겁게 놀다 갑니다!
에코랜드 티켓도 제공해주셔서 비가 오긴 했지만 너무 재밌게 구경도 했습니다 :)
다음에 또 제주에 오게 된다면 에코랜드호텔로 올거예요!"
9.6,"남자친구와 제주도 여행을 위해서 예약했던 숙소입니다. 당일 비가 꽤 오고  겨울이라 나름 쌀쌀했는데도 정말 최고의 시간을 보내다 왔습니다.

수영장은 뭐...말할 것도 없고  객실 상태도 너무 깨끗하고 꼭 해외에 온 것 같은 느낌이었어요. 숙소 전반적으로 걸어다니는 것만으로도 기분이 좋아질 정도로 잘 꾸며져 있고  비성수기라 금액도 저렴하게 잘 이용했는데 금액 대비 너무나 훌륭했습니다. "
8.8,"시내에서 먼 곳에 위치한 점 
매일 조식을 먹기에는... 좀 부담스러운 점 
호수를 끼고 있고 구조상 아주 살짝 습한 점을 제외하면 호캉스로 아주 좋습니다.
지난 10월에 가고 4월에 부모님과 다시 갈려고 방금 예약했어요."
10.0,"12/25 폭설 일 때 고립될 것 같았는데 호텔에서 체인 구매후 하나하나 체결해주시는 모습에 너무 감동이었습니다! 두번째 방문이었는데  객실 정말 깨끗하고 넓고 좋았습니다 :) 
너무 추워 야외 수영장 온도가 올라가지않아 사용은 못했지만 나중에 또 방문해볼 계획입니더!"
7.6,오름과 한라산  어승생악 등 걷기 여행에 최적인 숙소네요.  특히 침대와 침구가 너무 만족스러웠어요. 여행지에서 이렇게 꿀잠 자기는 오랜만. 다음에도 또 가려구요. 
8.8,"올해 기회가 되면 재방문하려구요.
느긋하게 쉬기 좋은 호텔이에요."
8.8,수영장 이동이 야외를 나와야 해서 조금 불편했지만  그외 룸/시설 깔끔하고 좋았어요. 바로 근처에 식당이 없어 차타고 이동 필요
9.6,조용하고 청결하고 친절하고 아늑한 집처럼 따스한 숙소였고 온돌이라서 부모님 너무 좋아했어요:)
9.6,모든게 완벽한 호텔 가성비  청결  직원   부대시설 만족 그이상 입니다. 단지 위치가 약간 외진 곳에 있어서 들어갈때 약간의 간식을 챙기면 좋을거 같아요 
10.0,"수영장이나 안에 모두 부대시설 만족해요.
방은 생각보다 좀 작은느낌이있었는데 그래도 화장실이나 청결에 만족했어요🩷"
9.6,호텔안에서 이것저것 다 즐길수 있어서 좋았고 룸컨디션도 너무좋고 가성비갑!!!
8.8,"한라산을 배경으로 한 지중해풍의 호텔 건물이 너무 예뻐요.

한라산 너머로 비쳐오는 빛줄기가
수영장에 금빛물결로 반짝이며 그 위로 수증기가 피어오르는 1월의 수영장은 몽환적인 분위기를 연출합니다.

1박이 너무 아쉬운 시간이었어요.
다음에는 좀 더 길게 와서 예쁜 호텔의 산책로와 수영장 그리고 여휴를 만끽하려고합니다."
9.2,깨끗하고 테마파크도 잘 되어 있네요~
10.0,산속에 조용하고 안락한 분위기 
9.6,"좋아요

수영장 물이 넘 차가워요"
10.0,3박 4일로 제주도를 왔는데 돌아다녀본 호텔 중에 서비스  조식  풍경  수영장  방 컨디션까지 빠지는 거 없이 최고로 만족한 숙소였어요 ㅎㅎ 다음에 또 올거에요
10.0,숙소 깔끔하고  구경할 곳들이 너무 많아서 좋았어요! 조식도 메뉴 다양하고  수영장도 좋았습니다.
7.6,"아이들과 다녀왔는데 좋았어요
다만 객실로가는 길이 너무 멀어서 조금 힘들었어여ㅠㅠ"
9.2,"겨울에 온수풀 무료이용되는 호텔 위주로 알아봤는데 에코랜드 호텔이 생긴지 얼마 되지 않아 깔끔하고 온수풀도 무료로 이용할 수 있어서 예약했습니다. 
룸에서 온수풀 가는 길목이 실내로 연결되어있지 않아서 그게 좀 불편했지만 탈의실이나 샤워장도 깔끔하게 관리 되고 있어서 그정도는 감수 할 수 있었습니다. 
한가지 아쉬운건. 목욕할 수 있는 사우나장이 없다는게 좀 아쉬웠습니다. 
조식은 전날 미리 예약결제 하면 20프로 할인해줍니다. 
궁금해서 한번 이용해봤는데. 이 호텔 음식에 진심인 곳이네요. 샐러드 채소나 과일들 너무 신선하고요. 빵종류 많았고 육수 장인이 계신지 쌀국수랑 육개장 넘나 맛나네요! 조식도 넘 만족스럽습니다. 
호텔내 베이커리는 가격이 너므너무비싸지만 맛은 있더라고요! 아침마다 파티쉐들이 오픈주방에서 빵 만드는걸 볼 수 있습니다. 
매점은 좀 비싼 편이에여. 맥주같은건 미리 장봐서 들어오시는걸 추천합니다. "
10.0,호텔 컨디션도 좋고 주변환경도 좋았습니다
9.6,"아이랑 키즈존 놀이방 책방 이용하니 너무 좋아하고  수영장 뷰 환상입니다. 
에코랜드 산책 하기도 좋아요.
굳이 기차 안타실분은 풍차까지만 산책 다녀오셔도 될듯하고 다 둘러보실분은 50% 할인 받아서 다녀오시면 돼요"
8.8,처음 직원분들의 응대가 친절해서 기분좋게 체크인 했어요! 부모님과 함께하는 여행이라 호텔에 가장 신경을 썼는데  룸이 넓고 깨끗했어요! 화장실은 변기가 있는 곳과 샤워기가 있는 곳으로 나누어져 있어요. 캐리어를 펼쳐도 자리가 넉넉할 정도로 여유 있었어요. 그리고 이 호텔을 선택한 두 번째 이유였던 수영장!! 겨울 저녁에 이용했음에도 따뜻해서 좋았어요! 다만 야외 자쿠지의 경우에는 크기가 작아서 그런지.. 락스 냄새가 심하게 났어요 ㅠㅠ 샤워를 하고 나와도 손에 남아있을 정도.. 실내 수영장도 락스 냄새가 좀 났네요ㅠㅠ 야외 큰 수영장과 인피니티 풀은 괜찮았어요. 그리고 샤워시설도 잘 되어 있어서 좋았네요^^ 호텔 내에 기념품샵  작지만 알찬 피트니스 센터  레스토랑 까지 있어서 편하게 이용했어요! 너무너무 편하고 좋은 시간 보냈지만 가장 큰 단점은..! 위치가 도로에서 좀 떨어져있어요. 도로 입구에서 호텔까지 차를 타고도 5분 넘게 걸려요.. 택시가 잘 잡히기는 하지만 나가고 들어올 때 위치가 조금 불편했다는 점! 요 점만 빼면 너무 만족스러웠습니다 제주 여행 때 추천해요!!
8.4,조용히 휴식을 취하기 좋은 호텔~ 단 바닥이 세면(?)바닥이고 신발벗는 경계가 없는게 아쉽습니다. 야외 온수풀에서 즐거운 시간을 보낼수 있어요~
10.0,룸컨디션 뷔페 서비스 모두 만족합니다~
9.2,너무 좋아서 겨울마다 방문중입니다. 호텔 식사도 좋고  수영장도 좋아요
8.8,깔끔하고 놀기 좋았습니디ㅣ
10.0,"Everything was sooooooo perfect !
The hotel looks like a castle within the lake sothat it was soooo pretty!! :D Plus  It was so cozy and clean ! The most impressive point is that each room was large enough to stay in whole day without feeling any inconvenience
I really want to recommend registers to visit the restaurant ☺️"
9.6,깨끗하고 편안히 잘 이용하고 왔습니다. 옆의 에코랜드도 같이 이용하면 더 좋은 것 같아요.
8.0,"저렴하게 예약 잘 해서 잘 놀다가요~
전국 소노리조트만 이용하다가 에코랜드 방문때 호텔 짓는거 보고 한번 와봐여지 해서 이번에 저렴하게 잘 예약했어요.
우선 갸울에 야외 풀장이 적정온도 온수로 운영돼서 춥지 않게 이틀동안 잘 이용했어요.
다른 곳에 비해 풀장도 넓고 비치타올도 무료대여고 풀방 이용도 투숙객 무료 이용이라 좋았어요~ 다른곳은 투숙객이여도 이용요금을 내야해서 항상 부대시설 이용요금이 많이 나가서 부담이 좀 됐거든요.
모든 부대시설 어설프지 않고 퀄리티 아주 좋은 호텔이예요.
직원분들 다 능숙하고 친절하시고요~
다만 마지막날밤 새벽에 저희방 조명 시스템이 고장나서 방 전체가 불이 커진채로 깜박깜박 거리기 시작했어요.
결국 새벽 2시에 다른 방으로 짐을 다 싸서 옮겼는데 다음날 체크아웃할때 전달된 사항이 없는 것 같더라고요.
속직히 그 난리에 밤잠 설쳐서 마지막날은 클레임 걸고 숙박비 환불 받을까 했지만 잘 놀다 가서 그냥 넘어갑니다.
직원들 인수인계 받을때 죄송하다는 말 한마디만 들었음 이렇게 찝찝하게 나오진 않았을텐데 그 점만 개선이 좀 되면 좋겠어요.
그래도 재빙문의사는 있습니다~"
8.4,수영장 주변 경치가 동남아 온듯한 느낌이라  더 즐겼어여 ^^  입실 전에 수영장 이용 가능해서  미리 수영장가서 이쁜 사진 남기기도 좋은 꿀팁 👍👍
9.6,친절하고 예쁘고 이번에도 모두가 만족했어요
8.0,"룸 - 나쁘지 않음
뷰 - 레이크뷰라고 했는데  호수 살짝만 보임
주변 식당 - 차로 15분 가량 이동 필요
수영장 - 최고
에코랜드 - 경치 너무 예쁘고 좋아요"
6.8,"대체로 만족하나 먹거리가 부족함
다양하지 않고 편의점에 놀라운 가격을 볼수있음"
9.2,가격대비 부대시설과 룸 컨디션 등이 만족스럽습니다. 
9.6,편히 잘 쉬다왔어요
9.6,"인테리어ㆍ청결상태ㆍ인피니티풀까지
힐링그자체입니다"
8.4,룸상태 깨끗하니 좋았어요. 아이와 둘이 처음 여행이라 좋은 숙소에 묵고 싶어서 선택했는데 저도 좋았지만 아이도 무척 좋아했습니다. 추운겨울 따뜻한 야외 수영장도 인상 깊었습니다. 물이 조금 더 따뜻했으면 좋았겠다는 개인적인 생각이 들었지만 수영장 자체는 좋았어요. 또 제주 여행을 간다면 묵고싶은 숙소입니다.^^
10.0,"쾌적한 호텔 환경과 연말임에도 불구하고 너무 북적이지도 않았고 룸서비스로 먹은 음식도 정말 맛있게 먹었습니다😊
크리스마스 시즌이어서 아이들 쿠킹클래스가 있어 참여했는데 3만원이 너무 싸게 느껴지게 다양한 수업 진행해주셨어요~
수영장도 사람이 많지않고 따뜻해서 아이들이 체크아웃하는 다음날까지 알차게 놀다왔어요😍
다음번에도 에코랜드호텔 이용하겠습니다🙇🏻‍♀️"
10.0,"수영장 꼭 이용하고싶어서
여기 예약미리하고 한달전부터 기대했습니다
방 깨끗하고 호수뷰이쁘고
유럽같아요
수영장도 좋고
석식 뷔페 진짜 맛있었어요ㅎㅎ
최고의 기념일을 보냈습니다
강추"
8.8,숙소주변에 먹거리 놀거리가 없어 별점을 조금뺏어요.   숙소업그레이드 해줘서 좋았는데 풀장에서 너무멀었습니다.
10.0,"봄에 방문 했음 더더욱 좋았을텐데
추운 겨울에도 레이크와 숲이 넘 멋있어서 아름답고 좋았어요!
레이크뷰는 진리입니다.
호텔 안에 부대시설도 적당히 있어서 좋고 
특히 수영하는 곳이 넘 좋아요
근데 너무 어린 아이는 야외에서 수영 하기엔 겨울엔 추워서 실내수영장만 이용 가능해요 :)"
8.0,깨끗하고 직원들이 친절해요 
6.0,겨울에 가기엔 뭔가 100프로 즐길수 없어서 그런지 아쉬움이 큰 호텔입니다. 넓고 멋진 수영장을 100프로 활용할수 없으니 더 그런듯합니다. 5살 아이를 데리고 갔고 호텔 인원추가비용이 있었으며  호텔 석식뷔페 이용했습니다. 36개월 이상의 경우 12살 까지는 동일한 금액이다 보니   소인이 먹을수 있는 음식수에 비해 금액이 비싼 편입니다. 가격을 세분화하거나 키즈 전용 음식을 좀더 구비한다면 가족여행객의 석식 이용 증가에 많은 도움이 되지 않을까 싶습니다. 상세페이지에서는 12살 이하의 인원추가 비용이 2천원으로 기재되어있어 수정이 필요할듯 합니다.  여름 이외의 계절엔 비추천이나  여름엔 한번더 방문하고 싶은 맘이 들어 추천을 했습니다.  ps. 슈페리얼 트윈룸(업그레이드) 의 뷰는 도로뷰였습니다. 에코랜드로 들어오는 도로가 보입니다.  로비까지 5분정도 걸어야하며  로비에서 가까운 동일 객실의 경우 건물 벽뷰로 가장 저렴한 방이기 때문에 추천하지 않는다는 얘기를 들었습니다.  하지만 거의 모든 시설이 로비쪽에 있기 때문에 가족 여행객의 경우 뷰를 포기하시고 로비와 가까운 방을 배정받는게 가족 화목에 도움이 될듯 합니다.
10.0,5성급호텔에 가습기가 없는경우는 처음이였지만.. 뭐 나름 그거빼곤 다 만족햇어요
9.2,이 가격에 이런 시설이라니 부모님 모시고 가기에도 좋을 것 같아요
8.8,"가격이 저렴해서 기대를 많이 안했는데 
너무 만족하고 왔어요 
이용객 온수풀 무료인점  조식가성비도 최고였구요  아이동반가족이 머물기에 룸도 충분히 넓었습니다  
아이 1명과 퀸사이즈 침대 2개 그리고 여유공간도 좋았어요"
10.0,최고임
10.0,"우선 숙소 컨티션 최상이었고요
자유로이 풀이용 넘나유용했습니다 ^^
가성비 최고~ 👍 "
9.6,"한해마무리 차 온 연말여행
너우좋았습니다
석식뷔페도가성기갑이였구요
침구도 아주만족합니다
다만수영장 물온도가 너무 낮고 
온수풀도 온도가 높지않아  수영장이용하는데 어려움이 있었습니다"
9.2,"가성비가 너무 좋은
호텔이였어요 디너 뷔페도 용띠할인기간이라 저렴하게 잘 먹었어요 추천추천 또 방문하고 싶은 숙소에요 "
9.6,"에코랜드 안쪽에 위치해 있는 깨끗한 호텔입니다
차소리조차도 없는 아주 조용해서 좋았고 그렇다고 부대편의시설 없는게 아니라 수영도 하고 부페에서 식사도하고 노래방에서 노래도 부르고 정말 편하게 있다 왔습니다
재방문 의사 물론 있습니다"
10.0,꼭한번 가보고 싶었던 호텔인데 직원분들 친절하시고 수영장 좋고 룸컨디션 좋고 가족과 생활하기좋은곳 입니다 
10.0,산속에 있어서 조용하고 자연을 느낄수 있어서 좋아요! 야외수영장 온수풀도 분위기 좋아요. 룸과 화장실도 넓고 너무 만족합니다.
10.0,"숙소 상태가 매우 좋음
조식 석식 모두만족
"
10.0,"객실사이즈 좋고 시몬스침대 굿
화장실과 욕실이 분리되어 있는 구조도 편리했음
다시 재방문의사 100%"
9.6,"청소년이상 아이들 있는 가족은 거실있는 룸타입으로 하면 아주 쾌적한 여행이 될수 있어요~
2박 3일간 수영장도 3번 이용했는데 너무 좋았고 저녁뷔페도 좋았어요 
콜키지가 만원이라 와인사와서 먹었어요 

옆 골프장도 2인 가능해서 아이들 늦잠 잘 동안 부부는 라운딩하고 아이들은 조식 룸서비스 주문해줬어요~ 
아메리칸 조식 하나면 아이둘이 먹을수 있었어요 물어보시길래 2명 먹을거라했더니 식기도 2개 챙겨주셨어요~ 
라운딩 후 저녁 뷔페 30%할인쿠폰 챙기세요~ 


"
8.0,"따뜻한 수영장도 잘 이용했고 잘 놀고 잘 자고 왔어요~ 호수뷰 너무 예쁘고 좋았고  룸컨디션도 좋았어요!!
다만 숙소 안에 먹을 데가 부페식당밖에 없고 크로와상 하나에 8천원은 좀 부담스러웠어요.  다음에는 먹을 걸 많이 구비해서 가야겠어요~ 그 밖에는 다 만족스러웠던것 같아요. 조식부페도 괜찮았어요~~ "
8.8,제주 여행하면서 에코랜드 숙소가 제일 좋았어요 수영장도 넓고 따뜻했고  조금 아쉬운건 근처 음식점 가는 거리가 좀 먼데  귀찮기도 하고 그래서 석식뷔페 이용했어요. 뷔페도 평균 이상이었습니다
7.2,이추운 산속에 수영장 운영을 하면서 물온도 너무 미지근하고 수영장 하나만 운영하고 있어 가격대비 아쉬웠어요.그리고 시설중 간식 먹을수있는 식품코너 있음 괜찮을것 같은데 없어서 아쉬워요
9.2,겨울 온천 수영 정말 좋은 경험이었습니다. 숙소도 보기에도 아름답지만 지내보니 더 아늑했습니다. 난방 시설도 바닥까지 따뜻해 꼭 온돌 같았어요~^^ 추천해요
10.0,"한번 가고 계속 여기만 갑니다!
아이들과 편안하게 즐기고 먹고 좋습니다
석식 가성비 너무 좋고 조식도 나름 좋습니다"
9.6,"더 비싼 호텔도 가 보았지만  가히 제 경험 상 최고의 호텔로 꼽고 싶습니다. 
동화 같은 분위기와 넓고 훌륭한 룸  고품질 어메니티  무엇보다 에코랜드를 조망하고 산책할 수 있는 경관이 너무 좋았어요. 가시면 최소 2박은
하고 오세요."
10.0,아주 만족 스러운 여행 이였습니다.
7.2,룸이 예뻐서 선택했는데 너무 조용해서인지 잠을 푹 잤습니다. 다만 아쉬운점은 주변에 늦게까지 이용할 시설이 없고 식당들도 일찌감치 문을 닫는 곳이 많으니 참고하세요. 야외수영장이 많이 아쉬웠네요 ㅎ;; 해가 지면 주변에 갈곳이 없어서 호텔내 부대시설을 보충해놓으면 더 좋을듯 합니다~
10.0,(가까운 편은 아니었으나)한라산 등반을 위해 에코랜드에 숙박했는데 좋았습니다. 우선 직원분들이 모두 친절하셨고 숙소가 매우 청결했습니다. 다음에도 근처에 갈 일이 있다면 무조건 이용하고 싶습니다. 
8.0,2023년 쉼을 위해 찾은 숙소로 편하게 잘 이용했습니다. 특히 수영장과 뷔페는 강추입니다^^
8.4,시설 좋고 조용하고 깔끔해요.
10.0,"시설이 깔끔하고 쾌적하고 좋습니다.
아이들도 매우 만족하구요
레스토랑 음식도 매우 만족합니다."
9.6,"신상숙소라 깨끗하고 놀거리 많아요
"
9.6,"조용한 밤 
숲 속에서 
시원한 공기를 마시며
따뜻한 온수풀에서 하는 물놀이 좋습니다.

침대 상태 좋고
조식도 좋아요

단 칫솔 치약 면도기
챙겨가세요"
9.2,룸도 넓고 수영장도 좋았어요 ㅎㅎ
10.0,"가격대비 시설 위생 등등 모두 최고입니다
가족끼리오기도 좋고 커플끼리 오기도 좋습니다
다음번에 제주도가면 또 방문할 예정입니다"
8.8,"아이와 함께하다보니 수영장이 먼 것이 좀 걸리긴 했지만  잘 이용했습니다. 에코랜드 할인 받아 들어가서 충분히 즐겼고 주변 오름과 승마장과 가까워 좋았어요. 방도 다른 곳보다 넓고 어린이용 샤워가운이 있어서 잘 썼어요.
화장실과 욕실이 분리된 것도 편리해요.
수영장 카페 미술품 기념품샵... 다 만족합니다.
수영장 다닐 수 있게 슬리퍼를 다회용으로 구비해주면 더 좋겠네요."
8.8,"에코랜드 안쪽에 위치하고 있어 위치는 다소 불편하나  깔끔하고 숙박시설 매우 좋음

가족들이 여유롭게 즐기기 좋은 호텔인것 같다"
8.4,룸컨디션이 좋아요. 위치는 쫌 외진 곳에 있어요. 
9.2,"가성비 좋은 숙소예요
"
9.6,"테마파크 안에 있어 즐길거리가 풍부함은 물론   산속  깊이 자리잡아  너무 조용하고 좋았어요.
힐링하고 왔네요.
재방문의사 100%입니다."
8.4,다만 위치가 어디 가기에 너무 멀고 하나로마트도 멀어요
10.0,"편의시설이 잘되어있어서 숙박하기 좋았습니다.
특히 수영장이 너무 좋았어요!!! 추천드려요👍"
9.6,"가성비 너무 좋고 수영장 특히 너무 예쁩니다  
숙소도 깔끔해서 좋았어요 🥹"
9.6,"에코랜드호텔에서 1박 했어요. 호텔 가는 길은 양 옆에 눈이 가득~ 설원이었지요.
객실도 넓고  화장실도 넓고  조식도 맛있어요.
다음에는 연박하면서 수영장도 가고 에코랜드에도 가야겠어요. 야경이 아름다운 호텔~~^^"
9.2,겨울이라 수영장이 조금 차갑고 다른점은 만족합니다:)
9.6,"진짜.. 말 그대로 너무 좋았습니다!! 

눈 쌓인 전경을 보면서 따뜻한 인피니티풀에 들어가 있는 그 기분은 말로 다 설명이 안돼요. 여름도 너무 좋을 것 같은데 겨울도 정말 추천합니다!! 

아침 조식도 너무 맛있었어요. 갓구운 빵하고 다양한 가짓 수의 음식들  여러 가지를 맛 볼 수 있어서 너무 좋았습니다!! 조식 먹을 때 창가 자리에서 해 뜨는거 보면서 먹은게 신의 한 수 였다고 생각합니다. 

호텔 자체가 동화 속 성같이 생겨서 동심도 챙길 수 있었어요. 특히 25일에는 산타가 있어서 젤리랑 사탕도 챙겨주셨답니다!! 전반적으로 깔끔하고 객실도 넓어서 편안하게 호캉스 했습니다. 가족들이랑 와도 좋을 것 같아요.

호텔 위치가 좀 구석져있어서 고민하실 수도 있는데 일정 시간 공항에서 호텔까지 셔틀 운영되니까 걱정하지 마세요!! 기사분도 진짜 친절하고 좋으셨어요!!

직원분들이 친절하셔서 정말 편하게 호캉스 즐길 수 있었습니다. 다음에 제주도 가게 되면 무조건 에코랜드호텔 예약할거예요!!"
7.6,눈이 왔던 제주날씨에 춥고 갈곳없던 때에 딱 머무르기 좋았던 호텔
7.6,숙박비는 저렴하나 먹을곳이없네요
10.0,눈오는 제주에 에코랜드 호텔은 너무나 환상적이었습니다. 눈이 와서 호텔 주변에서 차로 더 이상 가지 못하는 상황에서도 저희 가족을 데리러 나와 주셔서 얼마나 감사하든지.. 호텔 지배인님 너무 감사했습니다. 또 방문할게요 
8.8,골프운동 또는 휴양 목적이면 너무 좋습니다. 예비대학생이 동행한 가족여행이라 주변에 MG세대가 공유할 수 있는 장소에 한계가 있는듯 합니다.물론 개인의견입니다.
9.2,"최고의 크리스마스이브였습니다
수영장이 아주아주 좋아요~~"
10.0,"룸 컨디션 너무 좋고  
인피니티풀 & 자쿠지 최고 
곶자왈속에 위치해 공기 너무 좋고 
에코랜드 테마파크도 투숙객 50퍼 할인있어서 좋았어요 
갤러리 카페  베이커리 완전 맛납니다. 
조식은 추천하고  석식은 생각보다 조금 ㅜ 이틀 먹을 예정이었는데 하루만 먹었어요. 호텔부페지만 제주스러운 메뉴가 추가되면 좋을 것 같아요 
숲속에서 쉬는 여행이라면 추천드려요. 
재방문 의사 있습니다. "
6.8,어메니티에 물은 2개까지라 구매해야 되고 이불은 아예 추가제공이 안되서 아쉬웠어요. 이틀 숙박했는데 다음날 와서보니 매트 커버가 교체가 안되있었어요.  눈이 많이 왔는데 제설이 제대로 안되서 진입할 때 10~20키로로 이동했는데도 차가 간간히 헛돌았고 주차시 차가 헛돌아 10분간 고생했어요. 눈올때는 피하는게 좋을 거 같아요.
10.0,유명해지지 말길...
10.0,크리스마스 가족과같이 여행 즐거운 맛과 음식 저녁뷔페...정말좋아요...강추천
9.6,"가족단위 이용하기에 너무 좋았어요 
뷔페도 맛있고 로맨틱한 숙소입니다
애들수영장 이용도편했어요
하지만 이동시 추워서 😂 조금 아쉬워요 
겨울엔 그맛이죠 "
8.8,수영장 좋고 풍경이 예쁘네요
8.8,"방문한 날이 12월24일 크리스마스 였는데
때마침 눈이 많이 내려 가는 길이 조금 막히고 눈길 때문에 긴장도 해야 했습니다. 하지만 직원분들께서 제설차 운행이라던지 안내도 잘 해주셔서 안전하게 입실 할 수 있었지용.
제가 이 곳을 고른 이유는 다른 호텔과 다르게 조경이 예쁜 숲속에 위치 하였고  객실이며 수영장에서 스파를 즐길수 있었기 때문이었는데 
저녁에 눈을 맞으며 온수풀에서 수영도 하고 눈내리는 숲을 보며 정말 다른 나라에 온 것 같았어요. 전체 부지와 면적 시설은 넓지만 호텔 규모로만 보면 작아요. 하지만 있을거 다 잇는 스머프 마을 같은 따뜻한 느낌이었어요💜
"
9.2,"온수풀도 적당하고 뷔페도 가성비 최고입니다.
"
9.2," 눈오는 길에서 고생해서 숙소 도착했어요.
이번에 두번째 방문이였어요.
룸 컨디션도 쾌적하고 룸  화장실도 넓고 이용하기 너무 편해요.
무엇보다 크리스마스 시즌이라
디너 부페 직원분들도 너무 고생하시는게 보였어요. 주방직원분들도 홀에 계시는 분들 모두 분주히 바쁘게 척척 일사분란하게 움직이시면서 친절하셨어요.
저희야 여행가서 편히 이용하면서 맛있게 식사하지만 일하시는 분들의 수고가 너무 느껴졌습니다.
조선호텔보다도 서비스도 좋으시고 친절하세요~
조식 부페도 맛있고 
메뉴하나하나 다 맛있어요.
디너 때 주방에 계셨던 총괄 주방장님으로 보이셨던 안경쓰신  분께서 불쇼하시면서 조리하셔서 그런지 짜장도 불맛나고 너무 근사한 식사였습니다.
좋은 추억 남기고 갑니다."
9.6,"룸은 카펫이 아닌 바닥이라 만지가 없어 좋았고 침구류도  마음에 듭니다.
부대시설인 온수풀과 노래방 조식뷔페 모두 만족스럽게 즐기고 왔네요"
9.6,눈이 올때  방문했던터라 도착하기까지 후덜덜했지만 설경이 너무 아름다웠어요.  아이들 컨디션이 좋지않아 수영장은 방문하지 않았지만 크리스마스 쿠킹클래스와 갤러리커페 덕분에 호텔안에서도 시간이 잘 갔구요. 룸도 넓고 깨끗하고 따뜻해서 잘 쉬다 왔습니다.  날 풀리면 한번 더 방문해야겠어요 :)
10.0,좋아요
10.0,에코랜드짱
9.6,"너무 편한 숙소였습니다.  눈이 너무 많이 와서 내려오는데 힘들긴 했지만 숙소 자체는 너무 만족합니다. 도착해서 춥다고 짐도 하나하나 다 내려주시고 완전 이국적인 분위기에 서비스 좋은
호텔 ~ 석식은 부담스러워서 조식으로 먹었는데   너무 맛있었어요. "
9.2,"12월7일 친구와 중문관광단지의 번잡함을  벗어나 에코랜드 호텔에 숙박했다. 그런데 몸에 탈이나서 예정시간보다 너무 늦게 이동하게 되어 주변이 깜깜했다. 대중교통을 이용한 도보여행의 난감함에 직면해서 호텔 프런트에 혹시 돌문화공원에서 픽업이 가능한지 부탁했다. 호텔 차량 운행은 이미 끝났지만 더 알아보고 연락을 주겠다고 했다. 10분 쯤 후 위급상황으로 차량이 준비 되었다고 전해 왔다. 위험하니 길 건너지 말고 
버스 하차한 곳에 계시라는 안내 멘트까지 한 남자 호텔리어 기사분. 모두 너무 감사했어요.
편하게 쉬라고 뷰가 너무 멋진 룸으로 up grade 해준 Ms.Whang(?)이 고마웠다.
조식도 맛있었고 처음 맛 본 수국차도 좋았다.
봄에 녹산로에 벚꽃&유채꽃 구경 여행가서 또 투숙할 예정이다. 제주도 여행의 힐링 스팥이다."
8.4,"호텔자체는 너무 예쁘고 객실도 매우 청결해요 
단 외딴곳에 있다보니 나가기도 애매하고 편의시설도 비싼편이죠 이미 알고간것이긴하지만... 물정도는 무료여도 괜찮을듯한데 물마저 돈받고 파네요 좀 야박한 느낌 
조식은 비싸진않지만 먹을것이 없었어요 "
9.2,눈이 많이 온 날 방문해서 오가는 길이 조금 위험했지만 제설작업을 계속 해주셔서 문제는 없었어요! 유럽 어느 마을 같은 느낌이라 좋았습니다! ㅎㅎ
9.2,"깨끗하고 좋았어요
모두 친절하시구요
2박한 날이 눈 엄청 오는 날이었는데
수영장이 최고였어요"
10.0,대학 입학 앞둔 딸과 에코랜드호텔에서 숙박 너무 좋았어요 저녁에 수영장 너무 좋았어요 
9.6,너무 만족스럽습니다
9.2,"깨끗하고 쾌적합니다.
여름에도 와보고 싶네요."
9.6,에코랜드 꼭 가보고 싶었던 곳 중 하나였는데 오길 너무 잘했어요 너무 좋았습니다 💟
10.0,"호텔안에서 다 해결할 수 있어요
수영장을 가려면 야외 다리를 건너야 함.
거리가 좀 있지만 엄청 추울때 아니고는
갈만함!!
피트니스룸까지! 운동 좋아하시는 분들 여기 추천👍"
10.0,"직원분들도 너무 친절하셨고
청결한 room 상태 덕에 편히 쉬고 있습니다.
편의점에 정수기 하나만 놔주세요 ㅠㅠ .."
10.0,"침대 푹신하고 좋아서 잠 잘 잤어요
수영장은 물이 별로 안 따뜻하고 수영장까지 위치가멀어 동상걸릴꺼 같았지만 색다른 경험이어서 좋았어요"
10.0,"갑작스런 폭설로 고립이 되나 싶었지만  에코랜드호텔 들어가는 길이 호텔 숙박객 이외에는 잘 다니지 않는길이라서 폭설로 고립될까 걱정했지만  걱정은 걱정일뿐.... 도로는 눈치워주시는 트럭으로 계속 다니시면서 정비해주시고  주차장 및 로비는 직원분들께서 수시로 눈을 치워주셔서 정말 감사했습니다. 추운데도 불구하고 ...
두번째 방문이지만 호텔 방은 깨끗하고  온돌로 방바닥은 따뜻했으며  수영장은 따뜻한 온수풀 가동 중 이었습니다. 
그리고 번외로 숙박객이시라면 에코랜드 투어 꼭 해보세요~! 별 기대 안했지만  겨울에 기차 타고 구경 쏠쏠 합니다~ 곳곳에 난방기구와 쉴 곳이 잘 되어 있구요~!

여러모로 편하게 푹 쉬다 왔습니다. 추천 별다섯개"
9.6,합리적인 가격으로 푹 쉬고 놀다가 갈수 있어서 좋았습니다
9.6,"직원분들 모두 친절하시고
아이 데리고 갔는데 위생상태가 좋았어요!
깔금깔끔~

호텔 컨디션  주변  음식 다 좋았는데
직원분들이 친절하셔서 또 가고싶네요👍🏻"
9.2,"사계절 수영장이 너무 좋았습니다 
수영장은 최고입니다 "
8.8,"현실에서 벗어나 자연과 하나되어 조용히 쉬고 올 수 있는 그런 공간입니다
객실 소음도 거진 없어서 어느 외딴곳에서 나만의 시간을 보내기에 너무 좋습니다"
7.2,객실 상태 등은 좋으나  룸서비스 음식의 질은 냉동 밀키트 수준이며 조식 룸서비스는 질과 양이 안좋음  호텔 위치상 주변에 아무 음식점이 없는 외진 곳에 있고 객실은 많으나 호텔 내 식당이 달랑 한곳인 상황에서 호텔 제공 식사 수준은 다른 3성 호텔 보다 안좋은 반면 가격은 5성급임.  냉동식품 수준의 작은 피자도 가격은 높은 반면 픽업만 가능
10.0,겨울에 수영하고 싶은 분들은 꼭 여기 가세요~! 꼭이요~ 
5.6,규모에 비해 소규모 부대시설 
9.6,호텔 내에 즐길게 많네요. 기차 타면서 다 구경할수 있어요.
8.4,비오는 날 방문해서 수영장은 이용해보지 않았는데  비가 오는데도 수영장 다녀오시는 분들이 많았어요 ~ 수영을 목적으로 방문하시는거라면 체크인시 수영장에서 가까운 방 배정해달라고 말하는 게 좋을듯 합니다. 저희는 포레스트동 가장 안쪽 방 배정받았는데 포레스트동은 엘리베이터도 별도이고 거리가 너무 멀어서 부대시설 이용하기가 불편했어요 또 호텔 자체가 외따로 떨어져있어...칫솔 치약 상비약 등 필요한 물품과 음식을 미리 포장해가거나 계획을 세우고 숙소 들어가는 게 좋을듯합니다. 그 외에는 다 좋았어요 롬 컨디션도 좋았고  화장실과 샤워실이 분리되어 있는 구조에 발코니도 있고 커튼이 두꺼운 암막커튼과 쉬폰커튼 이중으로 되어 있고  온돌 난방이여서 더 좋았어요
8.8,가격도 좋고 친절하고 좋아요!!
9.2,어느것하나 모자란것없이 다좋았습니다 시설도 깔끔하고 직원분들 다친절하시고 음식도 다맛있었습니다!  다만 방가격에 비해 쪼꼼비싼 식대였네요
9.6,불유럽느낌도 나고 시설도좋 고 수영장가는 다리가 너무 멋졌어요. 객실 컨디션도 좋고 가격도 저렴하고 너무 좋았습니다. 다만 호텔에서 운영하는 편의점과 레스토랑이 가격이 좀 비싸서 아쉬웠습니다. 주변에서 맛있는거 사서 들고가면 더할나위 없이 가성비 좋은 호텔이네요.
9.6,"이틀은 펜션에서 묵고 1박은 수영장을 이용하기 위해 선택한 호텔이였는데 펜션도 너무 좋았지만 에코랜드호텔 뷰 좋고 객실이 너무 깨끗하고 조용하고 넓고 시설 또한 좋고 수영장은 눈도 오고 추운날이라 조금 추웠지만 만족했어요
다음에 제주가면 여기서만 숙박할까 하네요"
8.4,"수영장 풍경이 멋집니다^^
디너 뷔페 이용했는데 마감할때까지 대게를 따듯하데 유지해주시더라고요 정말 맛있었어요!
뷔페 직원분들도 친절하시고 꼭 다시 가보고싶어요

아쉬웠던점은 세면대 물빠지는곳이 고장났는지 물이 고여있었어요 ㅎㅎ 물을 빼려보니까 그냥 통째로 빠지더라고요 ㅎㅎ 이후 어찌어찌 사용은 됬지만 난감했어요 ㅎㅎ 

편의점이 없고 비싼 슈퍼가 있어요
그리고 tv 채널이 별로 없는 점 빼면 다 좋았습니다!"
9.6,이제까지 제주도 숙박 중에 제일 좋았음
8.4,부대시설과 식장이 호텔내에 있었음 좋겠네요
10.0,베개 이불 매트리스 실내 온도 등 환경이 쾌적하여 다음에도 이용하고 싶은 숙소입니다.
10.0,시설두 너무 깔끔하고 직원분들 정말 친절해요 1박만 한게 너무 아쉬웠어요 또가고싶네요
9.2,"좋아요!담에 재방문 의시 10000
%직원분들 엄청 친절하십니다!"
9.6,"21년도 만들어졌다고 들었는데
제가 호캉스를 좋아해서 웬만한곳은 거의 다 가봤는데 일단 유명기업호텔처럼 화려하진 않아도 (그부분이 되려 좋음)침구청결상태라던가 침대가 아주 꿀잠자기 좋았습니다 저희가 연박이라 시트는 원하면 교체라고 들었는데 룸메이드분께서 매일 청소해주셔서 매일 쾌적했습니다. 강옥분?강옥자님께 진심으로 감사드립니다.하필이면 갖고 간 카드칩이 고장나는 바람에 지하씨디기에서 현금인출이 안돼 팁을 못 드리고 온게 죄송할정도였습니다. 기본룸인데도 욕실이 넓고 쾌적했구요.그리고 요즘 제주 유명하다 싶음 개발되는곳이 많아 예전같지 않은데
숙소가 제주다움을 흠뻑 느끼고 오기에 좋았습니다.풀장이 충분히 넓고 깊어 모처럼 잼나게 놀았는데 아니 아무리 겨울이지만 양말신고 
일반옷입고 풀장에 들어오고 아저씨들만이 할수있는 침뱉기 아주 진짜 짜증났어요 진짜 왜 그러시는지 묻고 싶을정도 
암튼 그런얘기는 둘째치고 호텔만드신분이
고객입장에서 아주 잘만든 호텔인건 분명합니다 지하갤러리에 걸려있는 그림들도 왠만한 갤러리들보다 작품수도 많고 구경하는 재미가 쏠쏠했습니다. 이용하면서 느낀건 빈말이 아니라
진짜 이용고객을 위해 진심으로 생각많이 했구나 뭔가 아끼지 않고 투자한 느낌^^;;;; 
제주가면 이제 여기로~~~~"
10.0,직원도 친철하고..분위기도 좋왔어요
10.0,에코랜드테마파크는 가보았지만 호텔은 처음인데 ㆍㆍ너무 깨끗하고 조용해서 편히 잘쉬었다 왔습니다 ㆍ다음에 다시 가고싶은곳 !  숙박하면 뷔페20프로 테마파크50프로 할인도 해줍니다 ㆍ특히 석식뷔페 최고였습니다
9.2,"뷔페는조금실망스럽지만좋아요
깨끗하고직원들도친절해요
수영장최고"
9.2,"평일에 방문해서 사람도 많이 없었고 룸 컨디션이나 시설이 너무 깔끔하고 좋았습니다! 다만 칫솔 치약이 없어서 다른 분들은 참고하셨으면!!! 그리고 제주도에 온 이유가 겨울 수영이 가장 컸는데 진짜 진짜 후회없이 너무 재밌게 놀았습니다!!! 에코랜드 재방문의사 있어용ㅎㅎ 
다만 위치가 주변에 식당이 없어서 그 부분이 아쉬웠지만 ~ 다른건 다 만족ㅎㅎ"
10.0,"침구류도 좋고 방음도 좋았어요
다음에는 호캉스로 놀러오고 싶어요~"
10.0,"동화나라에 온듯한  호텔이네요
미로찾기 하는듯 재미있는 어린얘기들 데리고 여행하기 너무좋은것 같아요 "
8.8,리조트형 호텔이다보니 식당들이 멀리 떨어져있어서 아쉽지만 호텔내 시설이나 룸컨디션은 만족스러워요. 온수풀이 많이 따뜻하진 않아도 사람이 없어서 오히려 좋았어요. 에코랜드 이용하실 분들이 머무르면 더 좋은 호텔이긴 합니다
10.0,"싸게 갔는데 객실 호텔도 동화속 느낌 깔끔
수영장 온수풀 짱
사람도 얼마없었고

수영장 가는길도 좋고 밤에
조명도 짱짱
5성급 맞는듯여
흥하세요"
9.2,숲속 운치짱. 숙소 넓고 화장실 넗고 전체적으로 좋았음. 숙소 너무 예뻐서 감탄감탄. 엄마도 좋아하심
7.6,"골프장도 멋지고  호텔도  청결하고
발코니도. 넓어서. 평안한 느낌이었어요"
10.0,직원분들도 친절하고 조식도 맛있었어요
9.2,"다른 것보다 수영장 뷰를 보고 한눈에 반하여 예약 하게 되었어요!
 하지만 정작 수영을 못하고 왔다는….
야외 온수 풀이 잘 되어 있다고 했으나 
비가 오고 날씨가 조금 추워서 여건상 맞지 않아서 수영 못한 게 너무 아쉽네요

무엇보다 직원들도 너무 친절하고 
석식으로 먹은 뷔페가 가격은 조금 있었지만 
그래도 맛이나 품질면에서 너무 좋아서 만족합니다
직원들이 너무 친절해서 고마웠습니다.
호캉스를 즐기는 분들에게는 추천 드립니다 
다만 관광지를 다니려고 하시는 분들은 지리상 너무 중간에 있어서 이동 경로가 조금 힘들지 않았나 싶습니다
하지만 다음에 호 캉스 즐기러 또 갈 거예요^^"
9.6,한번 호텔에 들어가면 나오기 힘든게 장점이자 단점입니다. 부대시설과 레스토랑이 너무나 잘 되어있어서 나올 필요가 없다는 점이 장점이고 산길을 꼬불꼬불 들어가다보니 소요되는 시간이 있어 쉬고 싶어 숙소에 들어가면 나오기 애매~합니다. 하지만 이 단점을 뛰어넘을 정도로 직원분들도 친절했고 숙소도 잘 되어있어 제주도 숙소로 무조건 추천드립니다. 내년 봄이나 여름쯤에 다시 제주도 올 계획인데 그 때도 에코랜드 호텔에 묵을 예정입니다.
8.4,"깨끗하고 친절하고
위치빼고 모든게 완벽
특히 수영장은 역대급임"
9.2,수영장도 그렇고 다 좋습니다 !! 근데 내부 편의점은 너무 비싸요ㅠ 숙소 들어오시기 전에 사갖고 들어가세요~~
10.0,가격대비 만족도 숙소 위생상태 직원태도  온수  위생상대 좋았습니다.
9.6,아이들과 함께 하는 가족 여행이라 후기도 많이 찾아보고 고심 끝에 결정하였는데  정말 그 어떤 것도 상상 그 이상이었습니다. 아이들과 우리 가족 모두에게 좋은 추억을 만들어준 호텔 및 호텔리어 분들에게 감사합니다!
9.6,호캉스하기 좋아요. 작지만 놀이방도 있고  수영장도 수심이 얕고요. 호텔 석식 뷔페도 만족스러웠어요.
10.0,수영장 시설이 따뜻한 온수로 운영되고 충분히 겨울 물놀이를 즐길 수 있어서 너무 좋았습니다.  객실도 깨끗하고 뷰도 너무 좋아서 편안하게 쉬었다 왔습니다. 
10.0,홈페이지만 보고 수영장이 있어 예약하고 간 에코랜드에서 정말 좋은 시간을 보냈습니다. 숙소도 정말 좋고 에코랜드테마파크 체험도 좋았습니다. 내년에 제주여행 계획이 있는데 그때도 에코랜드로 잡을 예정입니다^^
10.0,"여기 너무 좋아요
3박 이용했고 오늘 체크아웃인데 아쉽습니다.
직원들 아주 친절하시구요.
요청하는 건마다 흔쾌히 도와주셔서 감사하고 기분 좋았어요.
청소해주시는 분도 상냥하세요.

저희 가족은 뷔페를 좋아하지 않아서 뷔페는 아침 조식만 이용했는데 투숙객 할인으로 3인가족 6만원에 이런 혜자스러운 메뉴라니! 
역시 한두접시로 끝내긴 했지만 그건 우리 위장 탓이구요.

호텔 내에 포차 첨벙 이용 했는데 해산물 싱싱하고 맛있어요~
방어  대개  돔베고기 편백찜세트 신랑이 해산물을 좋아라 하지 않는데도 맛있다고 잘 먹더리구요.
노래방도 시설 깨끗해서 이이랑 편히 이용 했구요.
투숙객에게 무료인 수영장! 수질 깨끗하고 따뜻해서 기분좋게 이용했습니다.

프론트 직원분께서 시설 이용하기 편하게 캐슬동 1층 모든시설과 가까운곳으로 룸 배정해 주셨는데 정말 수영장 가기도 가깝고 편의점외 모든곳 다니기 편했어요.
그리고 또하나.. 베이커리와도 가까워서 아침에 빵굽는 냄새로 잠에서 깹니다 ㅋㅋ
전 요게 참 기분 좋더라구요~~
빵냄새 넘나 좋아요!!!!! 여기 베이커리 맛있어요!!

제주도에서 숙소 이용해보고 이렇게 후기를 길게 써본적이 없는데 비오는 제주 3박동안 저희 가족 너무 편하고 즐겁게 지낼 수 있게 해준 호텔이라 저희는 너무 흡족해서 다음 제주 여행도 여기라고 ㅎㅎㅎ

에코랜드호텔 직원분들 감사합니다^^
"
9.6,인테리어나 수영장 모든게 다 좋앗어요!
8.4,"후기에서 뭐 불친절한 경우도 있다느니  연박 룸 청소 잘 안된다느니 이야기가 있어서 걱정했는데 기우였다. 프런트 응대 엄청 친절했고  귀찮게 이것저것 물어봐도 잘 대해주심. 연박 청소도 깔끔하게 잘 해줌. 
근데 겨울에 이상기온으로 20도까지 올라서 더 그런지 몰라도 방이 너무 더웠다. 창문을 열어서 너무 더웠다. 차라리 여름이면 에어컨을 키겠는데 12월이라 히터만 나와서 더 더웠다..."
10.0,"가족 여행이지만 방 두개 4 명이 묵었어요^^
뷔페는 가격대비 좀 아쉬웠지만
실외 수영장이 10월에도 운영 중 이었고 꽤 크고 좋았습니다 다만 숙소건물에서 수영장까지 거리가 좀 있아요"
10.0,넘 조았음
10.0,제주여행중 숙소를 너무 잘잡아서 잘 놀고 잘쉬다 왔어요! 공기도 좋고 분위기도 좋고 부대시설도 다 좋아서 어느하나 불만족할게 없었어요~ 
10.0,"수영장이 좋았습니다
조식 우거지해장국을 비롯해 한식이 너무 맛있었고  위치도 좋았습니다 
난방이 너무 잘되서 건조해서 몇번을깼지만
문열고 자니 괜찮았고  침구류 청결하고 푹신해서 좋았습니다 또 가고 싶습니다"
7.6,"새로생긴만큼 깨끗하고 아직은 너무나 컨디션 좋은룸 삼다수생수굿 
데스크 직원들의 친절함은 없음 
에코랜드 운영이 아직은 활발하지 않은듯..
온수풀은 좋았으나 물온도 다소 미지근해서 좀 춥고 수영장 까지 걸어 가는길이 겁나 추움 
그치만 온수풀이 있다는거 자체는 즐거웠음 
깨끗하고 세심한 룸컨디션이 제일 좋음"
9.2,날씨가 추워서 수영장은 아주 짧게 이용했지만 날씨 좋을때 다시 가고 싶은 곳입니다.
9.6,"객실  편의시설  가격 모두 만족! 6살  3살 두 아이가 많이 좋아했어요~
다만 수영장 이용 시 외부를 통해야 해서 조금 불편함은 있어요."
4.8,인피니티 풀이 있으나 황량한 산뷰라 추위를 견디며 풀에 나갈 이유가 없었음. 위치가 애매해서 뭘 먹으러 나가기도 불편하고 배민도 어려움. 심지어 편의점도 차타고 5분 이상 나가야 있어서 매우 불편함. 시설 내에 간단한 물건을 살 기념품 샵이 있으나 일찍 닫고 물건의 종류도 다양하지 않음.  밤에 체해서 비상약품 구비되어 있는게 있는지 물었으나 직원은 소화제 하나도 구비되어 있지 않아 편의점으로 가라 안내하였으며 인근 편의점에도 상비약을 팔지 않아 멀리 가서 사옴. 리조트도 크고 동선도 비효율적이라 내부에서도 엄청 걸어야했음. 다신 안 갈듯. 차라리 신화월드가 나았던 듯.
10.0,"내륙쪽에 있어 동선이 조금 아쉬웠는데  
 입구 부터 주변의 경관을 감상하며 들어가니 가족이 모두 만족해하고 오히려 조용히 편안히 쉴수 있는 아담한 안식처 느낌.  호텔 지하에 마련된 겔러리 작품 감상도 인상적이고 호텔 마켓도 아기자기 눈요기 거리가 일품. 수영장을 본 순간 수영복을 준비하지 않았음을 몹시 후회함과 동시에  호텔의 모든 편의 시설을 이용해 보고 싶은 생각이 들어 예정에 없던 조식 뷔페까지 신청해 경험해 보았음. 조식시 나이프 사용이 금지된 것인지 셋팅이 되어있지 않아 불편했음. 실내 온도 조절이 원활하지 않아 한겨울에 너무 더웠음.  여름에 꼭 다시오기로 가족과 약속하며 그때는 에코랜드 패키지까지 이용할 예정임"
10.0,겨울밤 너무 좋습니다
10.0,정말 시설 좋았고 수영장도 좋았습니다
9.2,깔끔하고 부대시설이 좋습니다. 애매한 위치 이외에는 가격대비 만족스럽습니다. 
10.0,"솔직히 동절기에 에코랜드처럼 큰 수영장을 온수풀로 유지해준다는것에 엄청 놀랐고 그 덕분에 아이와 재밌게 잘 놀았어요 에코랜드테마파크는 이용은 안했지만 가깝고 할인까지 해주니 더 좋은것 같구요 이외에 건물이나 자연이 전반적으로 예뻐서 산책하기 좋았어요~~ 운동을 할수 있는곳도 있어서 잠시 들려봤는데 시설도 깨끗하게 잘 관리되고 있어서 아주 만족했어요
참  룸은 기본 만족이었어요 ㅎㅎ"
10.0,완전만족~다시가고싶어요^^
8.8,"물놀이에 안성맞춤
부대시설도 좋고 리조트상 위치가 좀 애매하네오."
9.6,"온수풀 너무 좋았고 부모님 모시고
형제들과 대가족 여행이었는데 너무너무
좋았어요"
10.0,아이와 함께 제주 여행할 때 가장 추천하고 싶은 숙소 중 한 곳이에요~~^^직원분둘의 친절도  호텔의 위생상태도 최고예요~바로 옆에 에코랜드테마파크부터 호텔의 온수풀 수영장까지 즐겁게 시간을 보내고 왔어요~~다음 제주여행도 이곳에서  지내려고 해요🤗
8.8,"비교적 신축호텔이라 깔끔하고
가격도 저렴한 편이지만 위치가 좀 너무 안족이라 아쉬워요! 
그리고 트윈룸이라 그런지 방이 생각보다 작아서 가족여행 보다는 커플 들이 이용하기 좋을것 같아요"
9.2,"외형이미지가 주는 느낌이 마치 유럽마을속  
기분전환코스로 딱입니다 . 
인피니티풀장도 겨울속 물놀이로 너무 즐거웠어요 .  하루를 묵었지만  피곤함이 사라진 느낌 ! 
"
9.2,굿
9.2,"제주도 특성상 해가 넘어가면 가로등 없는 길이 많기 때문에 늦은 시간 체크인이어서 무섭게 찾아갔어요. 그런데 또 조용하고 아침 산책하기 좋고  조용하고 좋았습니다.
조식도 맛있어서 배가 터질 정도로 먹었고   국수부터 한식 국 죽  서양식 모두 있어서 최고였어요.
직원분들 친절하시고 바닥난방도 되어 따뜻했고  10월말인데 제주도 날씨가 더워서 에어컨까지 동시 작동이 되더라구요. 
다만 편의점은 아닌데 편의 용품 파는 매장이 있고  주변에 아무것도 없는 숙소라서 무인으로 운영하더라도 늦게까지 하면 좋겠다라는 생각을 했습니다"
8.8,에코랜드 테마파크도 좋았고 아이들이 이용하기 좋은 수영장이 인상 깊었습니다 아이 가운까지 챙겨주시고 세심한 배려 감사합니다 
9.6,너무 따스하고 안락한 호텔 깨끗하고 넘좋어요
7.6,위치늨 번화가와 멀리 떨어져 있지만 내부애 수옅장이 잘 되있어요. 조식은 좀 비싸고 규모에 비에 투숙객이 적어서 그런지?? 전체적느로 안에 입점한 점포가 먹고 빈 공간이 많고 직원수가 적은 것 같아오. 하지만 숙소  수영장 이 두가지 만으로도 가격대비 만족스럽습니다.
9.6,"객실도 청결하고 온수풀이나 조식 뷔페 등 여러가지 시설을 저렴한 가격에 이용할 수 있었습니다.

한가지 아쉬운 점은 에코랜드에 숙박하지 않는 사람들이 호텔 시설을 이용하는지 모르겠지만  숙박객인지 물어보는 직원이 있었습니다. 그런데 '여기 숙박하는거 아니죠?' 라는 의심의 말투와 방식으로 물어봐서 기분이 별로 좋지 않았습니다.  나머지 직원분들은 모두 친절하고 좋았습니다."
10.0,조천읍 외진곳에 있으며 날씨가 좋지않아 걱정했으나 수영장이나 내부시설을 통한 휴식만으로 충분히 즐거웠습니다. 뷔페 식사를 디너 조식 모두 이용했는데 음식의 가짓수가 다양하진않지만 각 음식의 퀄리티가 높은편이었습니다 물론 가짓수도 적은건 아니었습니다
7.6,have to find a meal inside the hotel site. but not many options. convenience store is definitely needed to open there. in-house shop is just rip-off!!
7.6,깨끗하고 공기가 좋은 것 같아요. 
8.4,"오랜만에 친정 엄마와 둘이서만 다녀온 제주도 여행…
 아름다운 자연과 어우러져  멋지고  깨끗한 리조트 형태의 호텔에서 여유롭게 잘 즐기고 갑니다.

 20년전 엄마와 고등학교 때 롯데월드 수영장에서 수영을 한 후 처음으로 밤에 야외에서 수영을 하였는데 엄마가 너무 좋아 하셨어요~~

호텔 조식도 괜찮았고  에코랜드 방문도 추천합니다. 
 
침구에 대한 칭찬 후기가 많았는데  정말 뽀송뽀송 했고  오리털 이불 이었으며  매트리스와 침대가 시몬스 제품인 것을 보고  아낌없는 투자에 살짝 놀랐습니다.

바닥도 타일이어서 깨끗하고  온돌 바닥이라 따뜻하게 잘 잤습니다^^
화장실 넘 청결 하고  샤워 부스 물자국 없이 투명하고 깨끗했습니다.

5성급 호텔에 걸맞지 않는 아쉬움이 있었다면 불친절하고 매너 없는 표정과 말투의 레스토랑의 남성 매니저(?)분…
직원분들의 서비스 교육만 좀 더 신경 쓰신다면 머무는 동안 훌륭하고  완벽한 힐링의 호텔이 될 것 같습니다."
8.4,위치 빼고 다 좋았습니다. 
8.0,"혼자여행 이용했습니다.
호텔 이쁘고 좋습니다"
8.8,가격대비 시설이 좋습니다. 만족해요. 수영장이 멀리 있는게 좀 단점이지만 조식도 가격대비 퀄이 좋아요.
10.0,"특히 겨울 슈퍼강추요
수영장 미쳣음 추워죽겟는 날씨에 온천수처럼 따뜻한 수영이 가능..
숙소도 엄청깔끔하고 
아무튼 수영장때문에 앞으로 여기만 올라고요
제주 관광이 목적이라면 싼 조식주는 비지니스호텔가겟지만 휴양이 목적이라면 여기 강추요"
7.2,호텔이 층수가 낮고 넓어서 로비에서 배정받은 룸까지 걸어가기 멀고 룸에서 헬스장이나 수영장까지도 멀고 길도 헷갈립니다^^ 주위에 아무것도 없어서 먹을껀 사사 오시거나 호텔 내에서 사드시는걸 추천드려요^^
10.0,"우선 객실컨디션 매우 우수해요  위생상태 및 전망 등등 가격대비 상당히 만족스럽습니다.
인피니티풀이 다소 좁긴하지만 그럭저럭 이용할만 합니다… 수영장 이용 목적이신분들은 가까운 호실로 배정해달라고 하세요… 수영장까지 도보 10분가까이걸려서 힘들었음 ㅠ"
10.0,동화속에 있는 듯한 예쁜 건물에 4계절 온수풀 이용할 수 있고 경치가 끝내줘요..실내 갤러리랑 베이커리도 너무 좋았고 산책로도 너무 잘돼있고 체크아웃하고 테마파크까지 구경했는데 가족단위 커플 친구 너나할것 없이 모두가 만족할 수 있는 최고의 인생숙소였어요🩵 마주치는 직원 한 분 한 분 너무 친절하시고 또 갈거에요! 
9.6,가성비로는여기가 제일괜찮음
10.0,눈 쌓인 풍경은 진짜 최고였어요 잊지못할 제주 겨울왕국 뷰 ㅠㅠㅠㅠ 거기다 수영장도 진짜 레전드.. 가성비 짱짱이었슴다 또 갈게요❤️
10.0,신선 한 공기  정말 좋아요
10.0,외진 곳에 있어서 돌아가니긴 어렵지만 숙소도 좋고 수영장도 좋았습니다
9.2,"유아동반 가족여행으로 너무 좋았어요~
실내수영장이 좀 작고 낮아 아쉽지만
그래도 좋앗어여"
9.6,중산간쪽으로 들어가야하지만 함덕도 가깝고 위치는 생각보다 괜찮았어요. 침대가 정말 편안해서 깨지 않고 잘 수 있었어요. 가족  커플 모두 이용하기 좋을 것 같구 저녁 뷔페 괜찮다고 들었는데 조금 비싸서 함덕 숙성도 가서 고기 먹었습니당ㅎㅎㅎ 다음에 또 묵고 싶은 숙소에요!
7.6,"룸 컨디션 너무 좋고 다 좋은데
매점이며 베이커리며.. 좀 비싸고...
수영장 가는길 너무 멀고...ㅠㅠ...ㅋㅋ
위치도 애매해서 밥먹으러 나가기도 힘들었어요 ㅠㅠㅋㅋ"
7.6,"9월초에 다녀왔고  숙소도 예쁘고 수영장이 너무 맘에 들어서 이곳에서 2박했어요.
지도를 주셨지만 하루동안은 거의 방-프론트-레스토랑 찾아다니는데에만 미로찾기 수준으로 지도없으면 길 잃겠더라구요ㅋㅋ
비싼만큼 음식도 맛있었고  수영장 너무예쁘고~
레이크뷰 룸에서 잤는데 뷰도 너무 좋았어요.
정말 꼭 다시가고싶은 곳이에요.
다만.. 지도가 있어야 할만큼 크기도 크고  떠날때쯤 되니까 길을 익혔는데... 저녁때 얼음을 요청했더니 첫날은 시간이 늦어서 레스토랑이 끝났다며 프런트로 오면 정수기 얼음이라도 드리겠다고해서 이해하고 가지러갖다왔어요.
다음날은 수영하느라 밖에 나가지않았고 저녁거리를 사오지않아서 호텔안에서 판매하는 치킨을주문했더니 레스토랑으로 가지러 와야한다고 하더라구요.
친구가 가지러간 사이 씻고 나와서  프런트에 전화해 미리 얼음을 요청했어요.
근데 레스토랑에 얘기해둘테니 레스토랑에가서 받아가라고 하더군요. 가져다줄순 없냐 물었더니 룸서비스 비용 3천원?인가를 얘기하길래 내겠다고 했어요.
레스토랑은 지하1층이고 저희는 2층  건물 2/3바퀴는 돌아서 엘리베이터도 갈아타야했거든요.
처음엔 신기하고 재밌었지만  여행하며 지친 몸으로 엘베타고 1층가는것도 귀찮은데 정말..
얼마나 걸리나 시간을 재보니 10분은 걸리더라구요.
그러고는 친구가 치킨을 가지고왔는데  친구도 이왕 간김에 얼음을 받아오자 생각했대요.
그래서 레스토랑에 얘기했더니 프런트에 얘기하라며 안주더랍니다.
무슨 시스템인지 모르겠지만...
얼음 좀 달라고한게 레스토랑에서 프런트에 말해라  프런트는 레스토랑가서 받아라  직접 받으러가기 싫으면 돈내라.... 이렇게 까지 할 일인지...
밖으로 나가려면 차끌고 최소 20분은 나가야하고  모든걸 이 안에서 해결할 수 밖에 없으니 친절하게 고객을 이용한다는 생각이 들더군요.
호텔 퀄리티만 보면 정말정말 또 가고싶은 곳인건 분명한데  이런 작은 서비스 하나하나를 생각하면 호텔금액에 서비스 비용은 없고 호텔 퀄리티와 뷰(자연경관)값만 포함되있다라고 생각하면 될것 같습니다.
서비스와 편의시설을 바라신다면 그랜드 하얏트를 추천드리고 싶네요."
9.2,다음에 제주와도 여기 올거에요!
10.0,칭구들인랑 모두 만족하는 여행이었어요 너우좋아요 또 오고싶어요
9.2,깔끔하고 좋아요
8.4,"너무 좋다는 후기에 덜컥 숙박한 에코랜드호텔은 시설면에서 탁월했다.
우리는 겨울 한철 수영이 목적이라 더할 나위 없이 좋았지만.

중산간에 위치한 탓에
인근 식당은 거의 7시에는 마감되어 뭔가를 먹으려면 함덕으로 나가야 하는 불편함을 감수해야 했다.

숙소가 2층으로 너무 길게 포진되어있어 로비까지 가려면 정말 아이들과 함께 움직이기에 부담이 된다."
10.0,가성비 지리무
10.0,에코랜드 골프이용하며 숙박 및 편의 부대시설 모두 마음에들어요
9.6,"2박3일간의 가족여행이었는데  추운날씨였지만 수영장 물이 따뜻해서 아이들이 이틀내내 수영을 즐길수 있었고 난방도 잘 되어있고 숙소 전체가 조용해서 편안히 쉴 수 있었습니다
바닷가 호텔이 아니라서 주변에 식당이나 편의점이 거리가 좀 있는것 빼고는 괜찮았던것 같네요"
8.0,새롭게 리모델링하여 오픈한지 1년이 조금 지난 시점에 방문을 했었는데 객실 깨끗하고  수영장도 매우 만족스럽게 이용하였습니다. 다만 호텔동에서 객실로의 이동이 조금 불편했는데 객실 넘버 표시가 조금 아쉽습니다. 
9.6,생각지 못하게 방도 업드레이드되어서 호수뷰에서 잘 묵었습니다. 청결을 중요시여기는 저희 부부에게 있어서 먼지와 머릿카락 하나 없이 깨끗하게 잘 정돈되어있었고 특히 짐을 놓고 퇴실했을때 다시 되찾을 수 있도록 도와주셨습니다. 전반적으로 광활한 부지에 최신식 5성급호텔을 이 가격으로 이용할 수 있어서 매우 좋았습니다. 
10.0,"진도라는 곳에 멀지만 에코랜드덕분에
가보고 구경하고 힐링하고 왔습니다🤗"
5.2,"두번을 체크인했는데 두 번 다 직원분이 이름이 검색되지않는다며ㅠㅠ 아직 능숙하지않으신걸까요ㅠ

두번다 거의 끝방으로 배정해주셔서 숙박내내 너무 힘들었어요 
아고다에서 예약하면 그런건가요..?
그냥 펜션으로 가는게 나은건가..싶었습니다

객실내부는 넓고 깨끗하고 좋았어요..

남들은 호수뷰 업글도 된다던데 저는 그냥 건물뷰에 거의 끝방..."
8.8,숙소 넘예쁘고 좋았어요
6.0,"외관도 이쁘고 수영장도좋고 객실내도 좋은데...
포레스트 스위트의 경우  옆건물 맨끝에 있어서 불편해요.엄청 걸어야해요.
로비 수영장 주차장에서 너어어무 멀어요.다리아파요. 주차장도 출입문을 하나 더만들어주면 좋을거같아요. 포레스트 스위트에서 바로 건물밖으로 나갈수있는 출입문을 만들어주세요. 너무다리아파서 별로에요. 지하 베이커리빵은 너무 맛없는거아니에요?ㅠㅠ"
10.0,"아들 입대 전 가족여행에 다녀왔습니다.
이국적이고 자연과 잘 어울리는 호텔입니다.
호텔 온수풀이 무료인데요. 수영복 준비가 안되어 구경만 했습니다. 가족과 좋은 추억을 가졌습니다."
10.0,"호텔이 깔끔하고 침대도 포근해요. 
야외수영장 물이 따뜻해서 11월에도 이용하기 좋았어요.
다음에 오면 호텔에만 머물러도 좋을것 같아요. "
6.8,깨끗하고 분위기가 여유로워요. 그리고 수영장이 넓고 풍경이 참 좋아요 그런데 위치가 좀 구석인거 같아서 아쉬웠어요
10.0,위치도 좋았고  모든게 편해서 다음 제주여행에도 또 가고 싶어요! 왕추!
10.0,"위치 시설도 좋고
직원분들도 친절해서 
좋았어요~^^"
10.0,"3박 중 첫 이틀은 비가 와서 호텔 내에서 지냈는데 수영장 덕분에 아이들이 지루해할 틈 없이 즐겁게 보냈습니다.  
룸 상태나 호텔 전반적으로 모두 깔끔했고 조식  메뉴들도 좋았어요. 
다만 위치상 근거리 카페나 식당 이용이 어려워 호텔 내 편의샵 품목이 좀 더 다양했으면 하는 개인적인 아쉬움이 있습니다."
9.6,"호텔이 산속에 있긴하지만 거기이 있는만큼 풍경이 아주 멋지고 너무 이쁜 호텔이었습니다.
석식뷔페 또한 여러가지 많이 나오고 퀄리티도 좋았습니다.  다시 또 가고 싶은 호텔입니다."
10.0,"7년째 동서들끼리 제주올레축제기간에 맞춰 여행다니다 올핸 막내동서가 멋진 청년을 사위로맞이한 날이 축제기간이라 늦은 가을 한라산둘레길 걸어보자고 에코랜드호텔로 3박!
도착하는날 비오고 난후 무지개도보고 숙소도착. 주말 풀예약이라며 룸 업그례이드.
짐풀고 몸녹이자며 야외 온수풀장에 도착. 갑자기 우박떨어지고 천둥쳐도 따스한물에 몸담그고 또 한장의 추억을 만들었네요 조식 석식식사도 굿!
돌아오는날 투숙객 에코랜드50프로 할인으로 
멋진 마무리지었네요
다음 여행때도 꼭 가보렵니다"
10.0,좋아요~ 다시가고싶다~
10.0,가족여행으로 룸2개 빌려서 이용했습니다. 수영장 규모도 크고 작은사우나까지 있어서 좋았습니다.  객실도 깨끗하게 정돈되어 있었고 직원분들도 정말 친절하셨어요! 에코랜드 구경 하려고 이 숙소 예약했는데 가족들도 다 좋아하고 만족스러운 여행이 되었습니다^^
7.2,"자연환경과 잘 어우러진 곳 
특히 어린 자녀가 있는 가족들이 여행시 방문하면 좋겠다는 생각을 함"
8.8,바닥이 카펫이 아니라 나무이고 그래서 온돌같이 바닥난방 되어서 좋았어요. 방이 좁지 않고 컸고 고즈넉하게 쉬기 좋았어요. 다만 부대시설과 프론트 직원들의 친절도가 아쉽네요...
9.2,"인피니티풀이 넓고 좋음
가족 여행객이 지내기에 만족스런운편.
또 가고 싶은 숙소"
5.2,맛집이 주변에 없고 수영장이 객실에서 증말 멀어요 객실은 깔끔했어여 
9.6,정말 저렴한 가격에 잘이용했습니다. 방도 업그레이드 받았습니다^^ 웨딩스냅을 생각하신다면 쥬변에 스팟들이 정말 많습니다. 따뜻하세 온수풀도 매우 만족했어요
10.0,"신축이라 깨끗하고 수영장 너무좋구요 
가성비 최고에요"
10.0,"깨끗하고  에코랜드 안에 위치해서  관람루 호텔 이용이 너무 편해요.  수영장도 넓고  좋아요.
재방문 의사 100%네요"
8.4,객실과 수영장이 멀고 주변식당과 멀어요
8.8,깨끗해요
9.6,"일단 겨울에 수영장이 되서 너무 좋아요!
사람도 생각보다 많지 않고 일단 뷰도 너무 좋습니다.
호텔내에 간단한 편의점도 있고  노래방 
그리고 저녁 석식 뷔페도 너무 맛있어요!"
9.2,호텔이 너무 조용하고 쾌적 합니다 앞으로도 지속적으로 이용할 계획입니다 한가지 아쉬운 점은 스파가 호텔 안쪽에 있으면 더욱 좋겠네요
9.2,호텔이 너무 조용하고 쾌적 합니다 앞으로도 지속적으로 이용할 계획입니다 한가지 아쉬운 점은 스파가 호텔 안쪽에 있으면 더욱 좋겠네요
10.0,아주 좋음 또 가고 싶음
8.0,"가족여행 숙소로 괜찮아요
호텔 편의점 물건는 부족해요"
8.0,"일단 호텔주변 풍경이 너무 좋았고 침구와 룸컨디션도 맘에 들었어요
수영장만 보고 선택한건데 야외풀도 너무 예쁘고 넓어서 사진으로 남기거나 수영하기에도 만족스러웠습니다.
단점을 꼽자면 숙소위치가 너무 시내와 떨어져있어서 가까이에 아무것도 없고 심지어 호텔내 편의샵마저 늦게 열어서 먹을만할걸 살곳이 없어요. 층수가 많지않고 넓어서 부대시설로 이동하는 거리도 꽤 멀고 특히 수영장 갔다 룸에 돌아올때 젖은상태로 긴 거리를 가는것도 불편해서 탈의실에서 샤워했는데 샤워실이 너무 추워서 아쉬웠어요 아무래도 겨울엔 온수풀이어도 수영하기 힘들거 같았어요
전 수영장만 보고 갔고 조식을 신청하지않아 아쉬운 부분이 있었지만 그래도 가격대비 아주 만족합니다."
5.6,"치약 칫솔 면도기 없는게 이해 안됨. 가습기 대여 안됨. 공항에서 멀고 조식이 가격대비  질이 떨어짐.
결론-추천안함."
9.2,와... 부모님 혹은 여자친구랑 오기 너무 좋아요
9.6,공기 좋고 가성비 훌륭
7.6,"아주 좋습니다.
다만 객실과 수영장과의 거리가 좀 있네요. "
7.6,"위치가 한적하고 고즈넉한 곳이고
야외풀이 있어 좋았습니다.
생각보다는 야외풀이 작았지만 
사람이
많지는 않아 잘 이용할 수 있었네요.
객실은 깔끔하고 다만 숲속에 있다보니 벌레들이 종종 보입니다.
직원들은 친절하기도 하고 친절하지 않은 분들도 있네요. 
일단 숙소는 좋습니다. 다만 에코랜드 산책하시는 분들이
많아 동선이 겹치기도 하네요. "
9.6,"야외풀이 아주좋았구요
숙소컨디션도좋습니다"
8.4,"가격대비 수영장이용 침구류 좋은데
침대시트교환이 안되는점 아쉬웠습니다"
8.4,"수영장가는길이 좀 멀긴했지만 
가격대비 가성비가 좋음"
10.0,친절하고 뷔페레스토랑도 맛있어요 숙소도 깨끗하게 관리가 잘되어있어서 좋았어요
9.6,숙소가 너무 예쁘고 깨끗합니다. 유아를 위한 침대 가드 대여해주셨는데 덕분에 편하게 잘 수 있었어요. 베이커리카페 빵도 맛있고 수영장도 예뻐요. 편의점에 물건이 조금 있어서 호텔가는 길 편의점에서 미리 구매할 거는 구매하는 게 좋아요.
10.0,"다시오고 싶은 생각나는 호텔입니다..
행복한 호텔생활 2주 잘지내고 갑니다"
8.0,시설이 깨끗하고 직원이 친절함
8.0,"수영장 타일이 조금 더럽긴했지만
뷰는 너무좋았고 사진도 잘나와서 만족
직원들이 너무 친절해서 좋았습니다"
9.2,외국에서 방문한 친구네 가족과 함께 갔는데 시설도 쾌적하고 공간도 여유있어서 잘 보내다 왔어요. 수영장도 온수풀이라 11월이지만 야외에서 즐기기도 충분했구요. 다만 근처에 가게들이 많지는 않아 저녁거리는 테이크아웃해서 즐기거나 내부 레스토랑을 이용하면 좋을 것 같아요. 
10.0,수영장 최고ㅠㅠㅠ룸 최고  
8.4,하루하루 행복하다
10.0,"객실 상태도깨끗하고
직원분들이 다 친절합니다."
9.2,호텔이  모던한 건물이 아니라 아기자기하게 이쁘게 지어져서 신기하고 좋았어요.  프론트 직원한테서 친절함을 못느꼈지만 복도지나다 만나는 직원들  레스토랑 직원들  수영장직원들은 정말 친절했습니다. 수영장도 따뜻하고 좋았고 석식부페도 맛있었어요. 다음에 또 가고 싶어요. 포레스트건물은 멀긴 멀었어요. 그리고 와인오프너는 직접 로비로 받으러 가야해요. 
7.2,"수영장은 최고인데 ㅠ
룸으로 오는길이 멀어요

그리구 주변에 아무것도 없어서 ㅠ
답답햇어요

하지만 자연을 느끼길 원하면 쵝오인것같아요"
7.6,"자연속의 편안한 분위기가 너무 좋았어요.
체크인할때 외에는 모든 직원들이 친절했고  공항셔틀 너무 좋은데 체크아웃이 11:00인데 셔틀 시각이12:00으로 시간이 붕떠서 11:20이면 좋겠어요. 호텔 내 편의점이 없고 간이매점이 있는데 가격이 너무 비싸요. 엘리베이터에 곰팡이 냄새가 나요. 룸에 조금 큰 편백욕조가 있어서 좋았고  4계절 야외 온수풀이 참 좋았어요.  호텔투숙객 레스토랑 에코랜드 연계할인이 좋아요."
10.0,숙소  편의시설 모두 좋았네요.
10.0,로비및직원분들 다 친절하시고 객실도 넘맘에 들었습니다~담에 또 오겠습니다^^
6.8,위치가 넘 안 좋아서 호텔에 입실하면 어디 나가기가힘듭니다. 밤길엔 가로등도 적어서 운전해서 들어올 때도 위험해요. 하지만 연식이 오래되지 않아 깨끗하고 온수풀이 좋았어요. 그런데 온수풀도 하나만 운영하고 다른건 이용금지ㅠ 그 점도 아쉬웠어요!
8.0,".체크인할때 직원이 포레스트동 가려면 프론트에서 직진만 하면 된다고 해서 길 완전 헤맸습니다
프런트에서 한번 우회전해야 하잖아요...
.그리고 '체크아웃 20분 지나면 추가금 발생'하는것도 미리 안알려주셔서 객실 전화받고 알았습니다 객실 나서려던중 전화받았는데 겁나 뛰었네요
5성급 호텔에 맞는 서비스는 아닌듯
.포레스트 스위트룸 28인치 캐리어 펼쳐놓을 공간이 마땅치 않았습니다"
9.6,"깨끗하고 좋습니다
좋은 조용한 호텔입니다 "
9.6,"3박 하였는데 직원분들 친절하고 깔끔하게 정리하여주시고 수영장도 너무 좋았네요
피트니스관만 좀더 크고 기구 많아지면...좋겠어요"
9.6,수영장 키즈시설 좋습니다. 수영장으로 가는길이 외부 에 다리로 건너야해서 추울수 있는점만 조금 불편하실수 있고 숙소 깨끗하고 넓고 아주 좋습니다.
10.0,"자연경관ㆍ수영장ㆍ포차 등등부대시설 이용용이했으며
가까이 가볼만한 곳이 많았음.
"
8.8,"수영장까지 가는 길이 꽤 있는 점이 아쉽지만
자연에 둘러싸인 숙소가 주는 매력이 아주 큼.
주변에 볼거리가 많고 지어진지 오래되지 않은 호텔이라 깨끗하다는 점이 큰 장점."
9.6,에코랜드 cc 이용하고 호텔에서 일박했는데  가격대비 너무 좋네요.  룸 업그레이드도 해주시고  모든 게 맘에 들었어요. 담에 또 골프치러 오면 이용하려구요
10.0,너무좋아요 튿히 수영장
6.0,"수영장 선배드가 유료이다. 가벼운 짐을 둘 곳이
없다고 봐야한다. 온수풀이라곤 하지만 겨울엔 비추천이다. "
10.0,깨끗하고 수영장도 최고예요 아이 동반하는 가족이나 연인 누구나 좋아할듯 합니다. 다음에 또 방문할꺼예요
9.6,"에코랜드의 인프라를 품고  있어서 가을은 제주의 숲을 느끼게되서 좋았습니다
수영장도 ㅋ 생각보다 넓고 일몰도 보고 짱  좋았습니다"
10.0,조아령
10.0,"숙소 선택을 너무 잘한거같아요~
수영장 시설 굿이였고 
디너뷔페가 진짜 딱 알짜베기로 있어서 너무 잘먹었어요. 디저트 케이크도 너무 맛있었어요:)
다음에 또 오고싶어요ㅎㅎ"
10.0,제주도에서 제대로 힐링하고 갑니다~ㅎㅎ
10.0,가족들과 함께한 여행 너무 좋은 숙소에서 합리적인 가격으로 보내서 좋았습니다.
8.0,체크인하고 동문시장에서 이것저것 사왔는데 부족해서 우찌저찌 헤매다가(너무 힘들었음) 편의점 갔는데 문닫혔음! 편의점도 아니고 가판대에 몇가지 놓고 파는 수준임! 배고픈데 호텔 내 살 곳이 없음!!
9.2,"아이랑 셋이서 숙박했는데
수영장도 늦게까지해서 좋았고
룸컨디션이 너무 좋았고요
침대배드가 시몬스라 그런지  넘편했습니다
다만 아쉬운점은 수영장이 9시반까지인데
스낵바는 일찍닫는다는거
호텔안에 늦게까지 운영하는 음식점이없다는게
아쉽네요"
8.8,조식의 빵과 스크램블드애그는 좋았습니다. 한라산이 보이는 호텔 앞의 경치가 좋아서 사진 찍기에도 좋았네요. 
9.2,위치빼고 괜찮아요 수영장 이쁘고 좋아요
9.6,"나름 까다로운 편인데 정말 시설도 좋았고 
무엇보다 화장실과 욕실이 깨끗하고
넓어서 너무 좋았어요!!!
남편이랑 신혼여행으로 너무 잘 지내다가 갔어요
에코랜드 테마파크도 좋았고 
나중에 애기 태어나고 다시 오고싶다고 할정도로
저는 에코랜드 강추해요~~~
조식도 먹을게 다양해서 한식파인 남편이
거기서 먹은거 너무 맛있었다고
다른 호텔가서 말할정도였고 저도 좋았어요.
꼭 다음에 애기낳고 셋이서 가려구요!"
8.4,"기대반 걱정반으로 도착한 숙소는 외관부터 걱정을 날려버리게 만들었다.
동화속 고성같은 느낌의 숙소
너무나 이쁜 숙소
배정받은 객실로 ㄱㄱ 
아니....왜 이렇게 이쁜거야?
내가 백설공주의 난쟁이가 된 기분?스머프인가?
객실도 넓고 쾌적하니 너무 좋았다.
침구도 폭신아늑하니 꿀잠
기대하던 수영장도 완전 대만족
짧게 온 여행이 너무 아쉬웠다. 
다음엔 좀더 길게 오려고 한다.
다만 아쉬운점은.....주변에 숲 말고는 아무것도 없다는거....
다양한 먹거리가 없다.미리 사가지고 가야함."
9.6,"멋진 외관
독특한 객실 내부
전체적으로 만족함
월 스위트에 묵었는데 침대 사이즈가 좀 더 컷으면 하는 아쉬움(더블 말고 퀸이나 킹)
호텔 전체 상세 안내도가 있으면 좋을듯
편히 묵고 갑니다
추천!"
3.6,편의점  식당이 자체 시설외엔 전혀 없습니다. 뷔페이용 가격대비 별로고 뷔페에 먹을게 거의 없어요.
9.2,만족스러운 호텔이였습니다!! 수영장 최고!!
8.0,체크인하는 직원 살짝 불친절함
7.6,"장점: 카펫 아니고 마루라 아이와 가기 좋아요
   에코랜드테마파크 이용시할인되고 바로 연결되서 좋아요
단점:조식 석식이 약해요
그러면 다른 음식점이라도 있어야하는데 마땅한데가 없어서 밖으로 나가야해요
해지고 밤에 이동하기엔 차로 이동해도 너무 으슥해요"
7.2,아이들과 함깨 묵기 최고네요
8.0,한 곳에서 모든 것을 해결할 수 있어 좋고  특히 직원들이 엄청 친절했어요.
8.0,수영장이 끝내줌
9.6,룸으로 가는 복도(?)가 너무 예뻐요. 룸까지 가는 길이 조금 멀기는 했지만  침대와이불 욕실용품들이 깨끗하고 좋았습니다. 특히 천장이 곡선형태라 동화의 나라에서 잠을 자는 기분이랄까...애들이 없어서 수영장 이용  키즈시설을 이용을 하지는 않았지만 아이들 데리고 숙박하기에 좋은 호텔입니다. 조식 부페 진짜 최고입니다. 꼭 드시길 추천합니다.
10.0,위치가 차 없으면 가기 힘든 곳인게 단점이지만 그런 부분들이 신경 안 쓰일 정도로 부대시설도  서비스도 너무 만족스러웠어요!! 나중에 꼭 다시 올 거에요
9.6,"4박5일 동안 아주 편안하게 잘 묵고 갑니다.
호텔 객실도 너무 좋았고 직원분들도 너무 친절하셨어요 무엇보다 부대시설인 수영장은 최고입니다!! 제주 갈때마다 방문 하고 싶어요 ㅎ 완전 최고입니다"
10.0,da um e do ddo ga go ship o yo
8.8,최고다 그냥
4.8,수영장이랑 자연은 정말 좋음. 숙소는 1층 레이크뷰 묵었는데 아침마다 관광객들 지나다니면서 숙소 바로 앞에서 사진찍고 떠들어댐. 이 가격에 조식도 포함 안돼있고 비쌈. 옆방에 애기가 아침 7시에 일어나서 무슨 얘기하는지부터 소리지르는 것까지 다 들려서 강제 기상.  입구에서부터 차로 한참 들어가고 위치가 애매해서 숙소에서 푹 쉬실 분 아니고 돌아다니실 분이라면 비추천. 어매니티도 무슨 손가락 두마디 만큼 주는데 둘이서는 커녕 혼자 써도 두번이면 다씀.
10.0,할인부분에서 어려움이 조금 있었지만 아고다측에서 신속히 대응해주셔서 잘 해결되었고 잘 지내다 갑니다
7.2,"또떠남 유투버 후기를 보고 알게되어
수영장에 반해 예약했어요
수영을 종일 즐기는거면 추천드립니다!"
6.8,"애들 수영때매 갔지만 물 온도가 놀다가 바로 감기올 것 같아서 철수
4박을 마치고 파르나스 호텔로 옮겼는데 온수풀에서 맘껏 즐겼습니다
여름이 아니면 가지 않을 듯
호텔 주변에 먹을 곳이 없어 차타고 30분 가야해서 불편"
9.2,"에코랜드 호텔은 가성비 대비 매우 좋은 호텔이었습니다.
호텔 내부의 환경은 마치 유럽에 와 있는 듯한 느낌이었고   수영장도 좋았으며 (다소 추웠지만)  특히 주변 에코랜드 산책은 훌륭했습니다. 체크 아웃 후 인근에 있는 돌문화공원에서 산과 자연과 바람이 어루러진 여행을 훌륭하게 마무리하였습니다."
8.8,the room was spotless and all the staffs were very helpful. this hotel is quite far from city center or any touristic spots  but I really enjoyed its peaceful atmosphere with wholesome natural environment. 
7.6,"가격값합니다!
다른 숙소에서 저렴하게 묶고 여기서 수영하면서 쉬자라고 했었는데 딱 그에 맞는 곳이었어요 한가지 불편했다면 편의점이나 편의 시설이 부족하다는 느낌정도?
편의점이 아니고 스낵바뿐이였는데 많이 비싸고 먹을게 없었어요
이것만 아니면 모두 좋았습니다
야외풀도 낭만있게 잘 즐기다 갑니다
다음엔 마싯는거 사서 방문하려구요!"
10.0,수영장이 너무 좋았습니다
9.6,호텔 안에서 안나가고 부대시설만으로도 하루를 즐길 수 있어서 좋았습니다. 비상의약품은 편의점? 에서 팔지만 가격도 비싸고 종류가 많지 않으니 반드시 챙겨오세요. (시내까지 30분) 저녁 메뉴가 아주 만족스러웠습니다
8.0,여러 후기에서 보았듯 정말 미로 혹은 동굴 같았어요 ㅎㅎ 날이 추운 관계로 실내수영장만 이용한게 너무 아쉽네요 ㅜㅜ 에코랜드까지 야무지게 이용하여 너무 좋았습니다 
10.0,육지 와서도 생각나는 호텔입니다. 룸 컨디션이며 인테리어 분위기 다 너무너무 좋았습니다. 수영장도 넓고 사진찍기도 너무 이쁘고.. 제주도 갈때마다 가고싶은 호텔입니당
9.6,"가격대비 아주 편안하게 있다 왔어요!
"
10.0,가족들과 함께하기에 너무 좋았습니다
10.0,"금액이 조금 비싸지만 그만큼 좋습니다 
호텔주변 산책로 도 좋구요 
부모님  모시고 가면 굉장히 흡족해 합니다 "
10.0,방도 깨끗하고 욕실도 깨끗...수영장도 시설 경치 다 좋았어요
9.2,수영장과 객실내부 친절도 만족했습니다 석식은 게가 짜서 많이 못먹어서 아쉬웠구  7:30밖에 안되었는데 사람들이 많이 없어서 그런가 음식을 채우지않더라구요. 잠봉메론 없어서 채워달랬는데 4개 더 올리고 더이상 또 채워넣질않던..ㅠ그거 빼곤 만족이여 
10.0,애코랜드는 역시 좋내요 호텔을 이용해서 더 좋았습니다
9.6,"일단 방 컨디션과 침구류를 중요시 생각하는데 너무 좋았어요. 푹신하니 꿀잠잤네요 다만 층간소음?이 좀 있었습니다..ㅎㅎ
그래두 수영장도 너무 맘에 들었구요 만족합니다"
8.4,날씨가 추워서 숙소에서 더 즐기지못한 아쉬움이 있었지만. 대체로 만족스러웠습니다
9.2,호텔이 스머프호텔처럼 넘예쁘고 호수와 에코랜드와 연결된 데크도 운치있고 힐링하기가 최적인 호텔이었습니다.
6.8,숙소이외활동하기 어려워요...너무 불편하고  먹는것도 뷔페이용안하면 먹을게없어요 전체적으로 심심해요
6.8,"믿고 가는 에코랜드!!
이번에도 너무 좋았어요.
다만 직원 인사 및 서비스면이 좀 아쉬웠어요.
조식도 주방에서 큰식기류들 깨지는 소리..
조식 음식 텅텅 비었는데 장시간 채워주지도 않고.. 직원들은 그냥 멀뚱..
개선 되었으면 합니다.
수고하세요^^"
9.2,"믿고 가는 에코랜드!!
이번에도 너무 좋았어요.
다만 직원 인사 및 서비스면이 좀 아쉬웠어요.
조식도 주방에서 큰식기류들 깨지는 소리..
조식 음식 텅텅 비었는데 장시간 채워주지도 않고.. 직원들은 그냥 멀뚱..
개선 되었으면 합니다.
수고하세요^^"
10.0,위치가 주변 관광지나 바닷가쪽은 아닌 내륙에 있지만 제주시내나 교래 인근 관광지로 이동이 편리하고 무엇보다 석식 뷔페가 맛남
9.6,굿굿굿
8.0,"기대없이 가서 그런지 매번 중문쪽 호텔만 가다가 가성비로 에코랜드 갔는데 이 가격이면 에코랜드호텔 또 가고싶어요! 하드웨어가 최신식은 아니지만 유럽풍 호텔 느낌에 부지가 넓어서 제주도 관광 필요없이 휴식을 원한다면 추천합니다
다만 수영장 부대시설 이용이 조금 미비한듯 했습니다
선베드 유료라든지 타월 미제공 같은 부분들이 아쉽긴 했지만 미리 알고 투숙을 해서 괜찮았습니다"
6.4,"일단 방에서 전화로 프론트연결이 절대안됨. 일부러안받는건지 회선을돌린건지 알수가없으나 2박3일동안 한번도 연결이 안되어서 매번 로비로 내려갔음
그리고 비용을 지불한다고해도 추가 침구서비스가 없다고 침구추가 절대불가하다고 함 아이 동반하실분들은 참고하세요
아 그리고 전자레인지도 호텔 전체에 딱 하나있음요

그외 하우스키퍼분들포함 직원분들 엄청 친절하시고 깨끗하고 수영장 잘되어있고 키즈룸도 좋고 다 만족


"
9.6,"에코랜드 호텔은 국내 다른 리조트나 호텔보다 야외 수영장이 강점입니다. 성인풀과 아동용 풀장 규모가 상당합니다
또한 에코랜드와 연결되어 산책하기 너무 좋습니다
다만  지하1층 빵&커피 파는 카페에서 오전 10시 빵나오는시간은 카페오픈시간 9시에 빵을 내어주면 좋겠네요. 5성급 호텔 카페이니  ""빵나오는시간 10시""라고 해서 바로 구운 따끈한 빵을 주는줄 알았네요. 이른아침 구운 차가운빵이 10시에 나와 급실망했슴다"
8.4,산에 둘러싸여 있어 공기 좋은건 말이 필요없죠~^^위치 상 호텔에 입실 후에는 호텔에서 나가지 않는게 편합니다~이미 호캉스하려고 온 거라 저에겐 조용한 이 호텔이 딱이었어요. 적당한 크기의 수영장. 찐 맛있는 레스토랑. 바로 옆 에코랜드까지!^^ 퇴실 후에도 저렴히 즐길 수 있는 것이 많아요~단! 호텔 피트니스는 매우 비추입니다ㅜㅜ 이것 빼곤 다 좋았어요~ 뷰있는 방으로 하는 건 강추이고요!
7.6,"장점은 딱 하나 수영장이 다했다.
위생&직원태도 등 이정도 급 호텔에선 당연한 정도라 장점은 아닌듯 하다.

단점.
위치가 너무 애매하다. 식사하러 나가거나  시내를 거려면 최소 왕복 40분은 기본이다.

퇴실 후 에코랜드에서 놀고 싶었지만  식사를 호텔에서 해결하기엔 비싸고  나가서 먹으면 다시 오기 귀찮다.

물론 위치가 구석이라 자연친화적인 것도 있지만
연인일 땐 다시 방문은 안할 거 같고
아이가 있으면 다시 방문할 거 같다."
8.8,룸컨디션과 매트리스가 좋아 쾌적하게 잘 수 있었어요.수영장이 멀긴해도 매일 이용할 만큼 잘되어있고요. 조식뷔페도 맛있으니 포함하는게 좋습니다. 에코랜드를 아이와 호텔내 도보로 이동가능하여 최대장점이었어요. 다만  호텔위치가 너무 외져 밥먹으러 나가려면 이동을 해야하고. 이동을 안할 경우에 호텔내에서 점심 혹은 저녁으로 먹을 식당이 없어 아쉬웠습니다. 하지만 이가격에 이정도의 서비스면 다시 올만 할 정도로 최고였습니다. 
8.8,"지중해 느낌이고 남편이 잘 선택했다고 좋아했어요
룸 컨디션 식사 
다 좋았어요"
8.4,부모님 생신기념으로 두분끼리 보내드렷는뎅 숙소 좋다고 만족하셨어욤 침대랑 티비보는데?랑 나눠져잇어서 좋아보엿구 방은 큰게 최고
10.0,"수영장이 어른이 수영할 만한 수영장은 생각보다 좀 좁은편 
택시는 운 좋으면 바로 잡히지만 날씨 안좋거나 타이밍 안 맞으면 몇십분 기다려야 함 "
